,brand_name,category_name
0,Gap官方旗艦店,女生衣著
1,BOBSON官方旗艦店,女生衣著
2, SWEAR思薇爾,女生衣著
3,EASY SHOP官方直營,女生衣著
4,Lady內衣官方旗艦店,女生衣著
5,玉如阿姨內衣-旗艦店,女生衣著
6,QUEENSHOP,女生衣著
7,CACO 美式休閒服飾旗艦館,女生衣著
8,101原創 舒適純棉T恤首選,女生衣著
9,WAVE SHINE 美波神器,女生衣著
10,CHERRYKOKO 台灣官方旗艦店,女生衣著
11,SCOTTISH HOUSE,女生衣著
12,OB嚴選❤️️品牌旗艦店,女生衣著
13,DADA SUPREME STORE官方旗艦館,女生衣著
14,betty's貝蒂思,女生衣著
15,★ 莎娜內衣品牌專門店★ 華歌爾★ 黛安芬★ 蕾黛絲★ 資生堂,女生衣著
16,paul frank@TW [官方],女生衣著
17,TOPPY 專櫃服飾,女生衣著
18,MIUSTAR,女生衣著
19,PUFII帕妃,女生衣著
20,東京著衣  唯一官方旗艦館,女生衣著
21,CANTWO,女生衣著
22,糖罐子 Candy Box,女生衣著
23,Space Picnic,女生衣著
24,梨卡24H現貨在台附發票 ★ 泳裝 泳衣 比基尼 潛水衣 水母衣 長袖泳裝 / 罩衫 沙灘裙,女生衣著
25,★ 莎娜內衣品牌專門店★ 華歌爾★ 黛安芬★ 蕾黛絲★ 資生堂,女生衣著
26,LULUS,女生衣著
27,innspo,女生衣著
28,MYDRESS,女生衣著
29,Lady內衣官方直營旗艦店,女生衣著
30,Lee Jeans 牛仔褲,女生衣著
31,Levi's官方旗艦店,女生衣著
32,STAYREAL官方直營,女生衣著
33,STAGE 透明舞台,女生衣著
34,ROUSH美式風格時裝,女生衣著
35,OUTERSPACE官方,女生衣著
36,★ 莎娜內衣品牌專門店★ 華歌爾★ 黛安芬★ 蕾黛絲★ 資生堂,女生衣著
37,Red House 蕾赫斯,女生衣著
38,NuBra 絕世好波 隱形胸罩,女生衣著
39,On Street 專利美胸防擴,女生衣著
40,JOYCE SHOP,女生衣著
41,韓國館旗艦店 流行女裝.大學T.帽T.吊帶裙.長褲.牛仔褲.外套.針織上衣長袖上衣.內搭褲,女生衣著
42,kinlochanderson 金安德森女裝旗艦館,女生衣著
43,gozo,女生衣著
44,beartwo ,女生衣著
45,買到戀愛-BUYLOVE,女生衣著
46,小二布屋,女生衣著
47,basezoo貝思奇 ,女生衣著
48,LAZY MARU品牌直營店,女生衣著
49,PLAYER,女生衣著
50,Blackspade Taiwan,女生衣著
51,DiFF shop 流行女裝館-優質女裝批發價,女生衣著
52,CC.GIRL棉花糖女孩專屬,女生衣著
53,RainbowShop旗艦店,女生衣著
54,EYESCREAM 韓風時尚穿搭,女生衣著
55,H2O 官方旗艦店,女生衣著
56,Small Puzi 韓風女裝,女生衣著
57,小宅女xiaozhainv,女生衣著
58,Alonso商城,女生衣著
59,CC商城 女生衣著批發價 上衣褲子短褲長褲短袖T恤背心吊帶內衣底褲內褲衣服正韓上衣長版上衣性感洋裝大尺碼衣著雪紡上衣潮流女裝,女生衣著
60,BAI e-shop,女生衣著
61,柯能,女生衣著
62,NEW POWER,女生衣著
63,休閒褲,女生衣著
64,說實話內衣,女生衣著
65,激爆購J.B.G,女生衣著
66,DORIS SHOP朵伊韓系女裝,女生衣著
67,SAS,女生衣著
68,Angelia-ZYY,女生衣著
69,BANG 下午1點前結帳當天出貨!7-11訂單配合物流不會顯示到門市寄件哦!,女生衣著
70,粉紅拉拉 - 台灣出貨,女生衣著
71,K+韓國東大門連線 ,女生衣著
72,Venus Queen台灣賣家現貨供應角色扮演丁字褲,女生衣著
73,SB_SHOP 內衣 泳衣 比基尼,女生衣著
74,Twinkle Lady 崔可小姐,女生衣著
75,ZUCAS★官方旗艦店★全館🎉 499免運 🎉,女生衣著
76,運動長褲,女生衣著
77,GRASS ROOM,女生衣著
78,莎莉墨爾,女生衣著
79,DE shop★旗艦店★全館🎉 599免運 🎉,女生衣著
80,黛瑪Daima內衣 ✦ 官方旗艦店,女生衣著
81,微衣-WeClothesBuy,女生衣著
82,MUMUSHOP 韓系女裝,女生衣著
83,IG:dark_killers_x,女生衣著
84,眼圈熊 中大尺碼,女生衣著
85,艾咪e舖,女生衣著
86,HEAR聽說,女生衣著
87,飆高音小姐,女生衣著
88,內衣快時尚小舖,女生衣著
89,iFairies 官方旗艦館,女生衣著
90,風姿腰嬈 品牌旗艦店,女生衣著
91,天母嚴選   旗艦店 ,女生衣著
92,JDUdS(全館退換貨免費!!),女生衣著
93,Tirlo,女生衣著
94,伊黛爾Edele ★ 官方旗艦店,女生衣著
95,IN' SHOP 旗艦店,女生衣著
96,天使甜心 #睡袍 #睡衣 #泳衣 #水母衣,女生衣著
97,Only You小中大尺碼,女生衣著
98,香草甜心-內睡衣館 ,女生衣著
99,Winceys ~溫瑟詩~ ,女生衣著
100,彼兔BETWO人氣女裝,女生衣著
101,PolyLulu (L~5XL) 中大尺碼韓風女裝快時尚,女生衣著
102,來福官網,女生衣著
103,Miss38大碼女裝,女生衣著
104,凱莉愛內衣 | 官方旗艦店,女生衣著
105,向大大內衣 / 小希望生活用品館,女生衣著
106,NEWLOVER牛仔時尚,女生衣著
107,LIYO理優官方旗艦館,女生衣著
108,Free Party牛仔單寧,女生衣著
109,Peach Love 蜜桃洋房,女生衣著
110,Ladoore 蕾朵兒秘密盒子 ♛官方旗艦館♛,女生衣著
111,東京戀人,女生衣著
112,良品作風　PureStyle,女生衣著
113,iFaith艾妃絲官方旗艦店,女生衣著
114,波帝斯中大尺碼女裝旗艦館,女生衣著
115,K.J.style時尚服飾用品,女生衣著
116,GAZE 韓系女裝,女生衣著
117,Catworld Fashion Shop,女生衣著
118,美人屋,女生衣著
119,Minuet_蜜妮玥,女生衣著
120,秘密的果實－中大尺碼女裝,女生衣著
121,CHUEI,女生衣著
122,e-go 運動褲 運動內衣,女生衣著
123,棉花糖女孩(寶華國際),女生衣著
124,soulmadetw,女生衣著
125,F-DNA SHOP  流行女裝,女生衣著
126,可蘭霓內衣 Clany,女生衣著
127,首爾唯衣【洋裝連衣裙 宴會 婚紗 五分  蕾絲 上衣  女生  蕾絲 復古 】,女生衣著
128,梅西蒂絲 mercedes.shop,女生衣著
129,零國界衣店,女生衣著
130,BAVO 波曼妮亞時尚內衣,女生衣著
131,BettyBoop 貝蒂,女生衣著
132,INDress,女生衣著
133,SONORA尚諾奈-平價時尚的在地品牌,女生衣著
134,NuMi,女生衣著
135,HL中大尺碼,女生衣著
136,雅黛曼妮女性內衣專賣店,女生衣著
137,CosmoPINK粉紅教主,女生衣著
138,內衣、男女生內褲、塑身衣塑身褲、內搭褲網襪子,女生衣著
139,Han Vo,女生衣著
140,5B2F機能服飾【五餅二魚服飾開發】,女生衣著
141,BOIS WHITE,女生衣著
142,ZooMii,女生衣著
143,iNio 愛妳喔-衣著美學  舒適有型的穿著體驗,女生衣著
144,好我 so that's me,女生衣著
145,FW美衣訂製,女生衣著
146,艾波迷亞精品內著,女生衣著
147,Peachy,女生衣著
148,ESSENCE女裝,女生衣著
149,如此美,女生衣著
150,MJVOGUE,女生衣著
151,小蘿莉,女生衣著
152,悠姿衣坊店,女生衣著
153,女神新衣丶旗艦店 夜店女裝/女鞋 各類最夯商品,女生衣著
154,自由角落旗艦店,女生衣著
155,時尚彩虹屋旗艦店,女生衣著
156,Adam Baron,女生衣著
157,Varsbaby內衣官方店,女生衣著
158,衣櫃控-WardrobE,女生衣著
159,"ATUM專業抗菌內褲,涼感衣服飾專家",女生衣著
160,艾芘基妮官方最大授權代理商董事~傳奇今生~批發/零售,女生衣著
161,Leenasui 現貨台灣出貨 寬褲 一字領 短褲 女生t恤 連身褲 美背內衣,女生衣著
162,Bonnie de' Connie 波妮可妮 官方旗艦店,女生衣著
163,胡蝶結時尚購物網 chicfashion05,女生衣著
164,Bstreet-美人街,女生衣著
165,Pink Lady內睡衣-美麗生活內著,女生衣著
166,下北森林,女生衣著
167,GIRLS FASHION  台灣出貨 大學T 閨蜜裝 寬褲 棉麻 短褲,女生衣著
168,PINK CHIC,女生衣著
169,★LOOK原創★,女生衣著
170,檸檬衣舍,女生衣著
171,青木鋪子,女生衣著
172,iFit 社群專屬購物中心,女生衣著
173,Will Korea,女生衣著
174,ShitGirl/正韓女裝低利潤批發價,女生衣著
175,MONDADA,女生衣著
176,BTSHOP現貨館,女生衣著
177,衣大樂事品牌服飾,女生衣著
178,W-APPAREL,女生衣著
179,★星妞小鋪 STARGIRL★,女生衣著
180,果果輕時尚,女生衣著
181,Lara Shop,女生衣著
182,蜜月棠✤丁字褲 女生內褲 死庫水 貓裝網衣 性感睡衣 情趣內衣,女生衣著
183,時尚主義,女生衣著
184,LESGO拉子購束胸專賣,女生衣著
185,EV fashion,女生衣著
186,SEOUL MATE 首爾妹,女生衣著
187,idleidol official,女生衣著
188,優衣購uego,女生衣著
189,Toonies Lady,女生衣著
190,普琳絲的衣櫥,女生衣著
191,Clover生活館,女生衣著
192,雅尚韓坊,女生衣著
193,小艾時尚,女生衣著
194,Season's Bikini,女生衣著
195,Yanrou 嫣柔蠶絲,女生衣著
196,日韓女服,女生衣著
197,reese official,女生衣著
198,孟格時尚唐裝旗袍,女生衣著
199,大尺碼 衣著 美美女孩中大尺碼 大碼衣著加大尺碼 中大尺碼女生衣著,女生衣著
200,molingservice,女生衣著
201,杜蘭朵內睡衣館,女生衣著
202,Bra Lady波蕾妮內衣官方旗艦店,女生衣著
203,Angel Luna,女生衣著
204,凱芮絲&克勞絲緹內衣,女生衣著
205,星衣賞,女生衣著
206,DR.Orange,女生衣著
207,SHOWCASE流行服飾,女生衣著
208,桃子生活館,女生衣著
209,pck58899,女生衣著
210,OWN.store,女生衣著
211,席艾妮SHIANEY 台灣製內褲,女生衣著
212,{美幫嚴選} 美國幫你買,女生衣著
213,iK設計▸品牌旗艦店,女生衣著
214,Elegance 艾倫格斯,女生衣著
215,TiTi shop,女生衣著
216,THE LADYWORE | ,女生衣著
217,SOFT LIGHT  舒芙蕾輕盈內衣,女生衣著
218,QB517衣著館,女生衣著
219,maysontw,女生衣著
220,NANOone負離子機能內褲,女生衣著
221,mori girl女鞋,女生衣著
222,韓都衣舍官方旗艦店,女生衣著
223,洋芋妹時尚潮流館,女生衣著
224,++1026 to be a Topwoman++,女生衣著
225,BONSOIR19,女生衣著
226,Heatwave熱浪泳衣官方旗艦店[台灣館],女生衣著
227,HAPI SE7EN 比基尼 / 泳衣 / 潛水衣 專賣店,女生衣著
228,THECURVE蔻麗芙,女生衣著
229, OUWEY歐薇名品,女生衣著
230,BALIBIKI官方旗艦店,女生衣著
231,KS凱恩絲 蠶絲塑身內衣,女生衣著
232,天SHOP,女生衣著
233, 歡迎光臨~I E GO~愛網購~,女生衣著
234,WIWI溫感衣,女生衣著
235,emon 依夢內衣 - 官方直營店,女生衣著
236,CHOCO SHOP,女生衣著
237,魔幻甜心 Magic's,女生衣著
238,創翊韓都-HSTYLE,女生衣著
239,Wonderland睡衣居家服,女生衣著
240,INTIMATUS,女生衣著
241,::Cognoscenti手工服飾::,女生衣著
242,羽生摺衣,女生衣著
243,設計家,女生衣著
244,優蕾帝yolady官方旗艦店,女生衣著
245,SKY YARD,女生衣著
246,貓尾巴日韓服飾,女生衣著
247,zhainvchaoyi宅女潮衣 正韓,女生衣著
248,injoi,女生衣著
249,wofficial,女生衣著
250,Popple Group,女生衣著
251,大成內衣 DA CHENG BRA,女生衣著
252,naturally_jojo官方旗艦店,女生衣著
253,Secret Closet,女生衣著
254,VIVA KING,女生衣著
255,viNvi Lady,女生衣著
256,Marena 瑪芮娜塑身衣-美國原裝唯一代理商,女生衣著
257,【紐約七號】加大尺碼 中大尺碼 專賣區,女生衣著
258,RABURABU ✦ 官方旗艦店,女生衣著
259,X.O.X.O.,女生衣著
260,韓國StyleBerry,女生衣著
261,NUDE 法式內衣,女生衣著
262,玩美時尚館,女生衣著
263,cckorea,女生衣著
264,MSJ KOREA SHOP 正韓初秋上新 ,女生衣著
265,Levi's官方旗艦店,男生衣著
266,Gap官方旗艦店,男生衣著
267,Lee Jeans 牛仔褲,男生衣著
268,STAYREAL官方直營,男生衣著
269,【GIORDANO 佐丹奴】官方旗艦館,男生衣著
270,OUTERSPACE官方,男生衣著
271,STAGE 透明舞台,男生衣著
272,綜藝玩很大商店,男生衣著
273,breadboxers.tw,男生衣著
274,KID [官方商店],男生衣著
275,Dickies Taiwan官方旗艦店,男生衣著
276,BSX 台灣官方旗艦館,男生衣著
277,【plain-me select shop】蝦皮OUTLET,男生衣著
278,【PURE by TAKI】,男生衣著
279,izzvatishop,男生衣著
280,B-SIDE官方直營賣場,男生衣著
281,PLAYBOY_英殷國際,男生衣著
282,Emilio Valentino 范倫提諾,男生衣著
283,HANGTEN內著襪品館,男生衣著
284,三花棉業官方直營旗艦館.襪子.平口褲.男內褲.男背心.男內衣,男生衣著
285,Valentino Rudy范倫鐵諾.路迪,男生衣著
286,金安德森網路商店,男生衣著
287,J&Joy,男生衣著
288,CACO 美式休閒服飾旗艦館,男生衣著
289,DADA SUPREME STORE官方旗艦館,男生衣著
290,名品會(官方直營),男生衣著
291,paul frank@TW [官方],男生衣著
292,ROUSH美式風格時裝,男生衣著
293,CPMAX 時尚潮流平價服飾 /退貨免運費/商城購買安心有保障,男生衣著
294,IFOA   ,男生衣著
295,9/9購物節今日限定 全館免運★完美剪裁PERFECT CUT★ 唯一官方旗艦館,男生衣著
296,YIJIAYI官方,男生衣著
297,StyleShop美飾風格,男生衣著
298,aoyama_store,男生衣著
299,COLOR ,男生衣著
300,FairPlay.tw,男生衣著
301,[DOT 聚點],男生衣著
302,Dino  Shop,男生衣著
303,AGS潮流運動專賣,男生衣著
304,RESTRICT 平價潮流旗艦商城,男生衣著
305,SL Store,男生衣著
306,J.Y - Taiwan Store,男生衣著
307,BANG 下午1點前結帳當天出貨!7-11訂單配合物流不會顯示到門市寄件哦!,男生衣著
308,WGS商城,男生衣著
309,Free Shop官方,男生衣著
310,小二布屋,男生衣著
311,TRENDY SHOP,男生衣著
312,逆主流時尚館,男生衣著
313,Hunter赫特爾-美國代購精品服飾,男生衣著
314,美國代購【蟹老闆】,男生衣著
315,L'AME CHIC,男生衣著
316,M世代官方,男生衣著
317,ALLCL,男生衣著
318,UNO STORE,男生衣著
319,AFskate,男生衣著
320,Jerryshop衣學院,男生衣著
321,KASO 工作褲 牛仔褲 休閒褲 平價男裝,男生衣著
322,★SMR★官網旗艦館,男生衣著
323,BEMAX胖胖星球,男生衣著
324,OBIYUAN,男生衣著
325,【NEW FORCE】Fashion Mall,男生衣著
326,曼曼國際,男生衣著
327,ZIP FIVE,男生衣著
328,LE Man's Shop,男生衣著
329,【Abner潮狼】情侶衣 班服 男裝 團體服 情侶裝,男生衣著
330,Grey Step Online Store,男生衣著
331,GIANTMALL Herschel Pleasures 10Deep Supreme,男生衣著
332,MORINO 時尚機能~機能內著限時優惠中,男生衣著
333,KAZA Select Shop,男生衣著
334,nexhype_shop,男生衣著
335,優衣生活館,男生衣著
336,iMen購物,男生衣著
337,叫阿潮,男生衣著
338,PLAYER,男生衣著
339,石沏 ShiQi,男生衣著
340,NEW POWER,男生衣著
341,WANGMAN,男生衣著
342,lalaworks,男生衣著
343,柒零年代網路服飾,男生衣著
344,ROVOLETA  男裝旗艦館,男生衣著
345,GniteSHop,男生衣著
346,TAIJI New Currents Fusion,男生衣著
347,Uneed【請多使用聊聊問答】,男生衣著
348,Black Tide黑潮服飾,男生衣著
349,歐森 - 屬於窮人的時尚,男生衣著
350,韓式作風 男裝&3C 9/1-9/30超商取貨 滿299運費半價,男生衣著
351,MiLu's美式風格服飾,男生衣著
352,小佛哥集團三店－ 38萬人社群激推!,男生衣著
353,HDYD shop,男生衣著
354,Keino  ,男生衣著
355,ZEBRA-翎渢,男生衣著
356,酷思柏 kuSport / 綠色棉藝 Green Cotton,男生衣著
357,玩T空間,男生衣著
358,Doppler-杜卜勒 ,男生衣著
359,【八年級生】男裝旗艦店,男生衣著
360,usaexpress,男生衣著
361,JSMIX杰尼斯大尺碼服飾專賣店,男生衣著
362,富立克潮流服飾,男生衣著
363,FUTURE,男生衣著
364,Tai Chi--鈦金等級素T，顛覆你對T-shirt的看法,男生衣著
365,IF時尚購物,男生衣著
366,storiette,男生衣著
367,HippoRed🏪,男生衣著
368,MORRIES莫利仕,男生衣著
369,eXPONENT,男生衣著
370,WTFUNK,男生衣著
371,Positive.,男生衣著
372,YAMIGANG,男生衣著
373,Magicman,男生衣著
374,S.up.shop,男生衣著
375,JERSCY│簡約‧舒適日常衣著,男生衣著
376,摩達客風尚購物網,男生衣著
377,GOZER Taiwan,男生衣著
378,PEXUP UNDERWEAR,男生衣著
379,RELEON_CLOTHING,男生衣著
380,KUMANIKI X 男角力,男生衣著
381,spoisir | sport + loisir,男生衣著
382,呆完郎A賣場,男生衣著
383,OBLIVION舒適專家,男生衣著
384,SCHIESSER 舒雅品牌旗艦店,男生衣著
385,商務襯衫王,男生衣著
386,牛仔很忙,男生衣著
387,Denise Jersey,男生衣著
388,whosewear,男生衣著
389,【可樂思流行服飾】專營｜牛仔褲｜縮口褲｜休閒褲｜工作褲｜棉褲,男生衣著
390,這位先生選物-正韓男裝,男生衣著
391,friendly island,男生衣著
392,VERTEX,男生衣著
393,ici93_shop,男生衣著
394,AFFLIGA官方旗艦店,男生衣著
395,E.R.S.S.蝦皮官方旗艦店,男生衣著
396,DOUBLE HAPPY SHOP 樂樂小舖,男生衣著
397,S&C神采大小尺碼服飾,男生衣著
398,WODEN Select shop,男生衣著
399,DITION,男生衣著
400,rockfetish,男生衣著
401,【Evisu正貨代購】,男生衣著
402,Concrete Surf,男生衣著
403,HYDROGEN_TW,男生衣著
404,NST Jeans精品男褲,男生衣著
405,元禾服飾批發公司,男生衣著
406,WOODSTUCK官方商城,男生衣著
407,SQUAD官方正規直營商店,男生衣著
408,小蘿莉,男生衣著
409,【獨家的記憶】旗艦店,男生衣著
410,JsW 潮流T首選,男生衣著
411,75.rangers,男生衣著
412,CREALIVE DEPT.,男生衣著
413,MIX TALENT,男生衣著
414,One Ok👌 Collections 👺,男生衣著
415,Hush Puppies,男生衣著
416,CREMIEUX 法式雅痞時尚,男生衣著
417,火蟻 滿999免運,男生衣著
418,BIG TRAIN大列車,男生衣著
419,【Flying Eagle】官方旗艦賣場,男生衣著
420,FAKE It YEASY,男生衣著
421,feiromo,男生衣著
422,chickadee 優質男生內衣褲,男生衣著
423,HypA hypnoticace,男生衣著
424,✯韓瘋之子✯,男生衣著
425,樂福織品 alovetex,男生衣著
426,樂活衣庫,男生衣著
427,TAIWANIZE,男生衣著
428,CPTN HOOK. 武装明朝,男生衣著
429,bnbjeans,男生衣著
430,K.U.O男性潮流平價服飾,男生衣著
431,'0416x1024,男生衣著
432,.67arrowtaip3i,男生衣著
433,homagetees,男生衣著
434,DEBRAND官方旗艦店,男生衣著
435,CANVAS,男生衣著
436,MIXDO CLOTHING,男生衣著
437,Chemistry 化學原宿,男生衣著
438,Jokester clothing官方賣場®,男生衣著
439,歐洲貴族oillio,男生衣著
440,harbor.shop,男生衣著
441,Dare for men,男生衣著
442,【天鵝內衣】,男生衣著
443,屈臣氏Watsons,美妝保健
444,康是美Cosmed,美妝保健
445,86小舖  官方旗艦館★ 86shop,美妝保健
446,理膚寶水官方旗艦店,美妝保健
447,Neogence霓淨思官方旗艦店,美妝保健
448,小三美日,美妝保健
449,Tomod's,美妝保健
450,嬌生美妝生活達人館,美妝保健
451,1028 官方旗艦館,美妝保健
452,巴黎萊雅官方旗艦店,美妝保健
453,NYX Professional Makeup,美妝保健
454,VICHY薇姿官方旗艦店,美妝保健
455,媚比琳官方旗艦店,美妝保健
456, ◆KAFEN 官方旗艦店◆,美妝保健
457,Durex 杜蕾斯旗艦店,美妝保健
458,BeautyEasy保養好簡單,美妝保健
459,【Sky007官方旗艦館】Bbia/E-glips ,美妝保健
460,Bio-essence 碧歐斯 ,美妝保健
461,百奧田 BIOTIQUE 天然保養,美妝保健
462,德瑞健康家,美妝保健
463,小婷子美妝百貨,美妝保健
464,專品藥局,美妝保健
465,巴黎丁-法國美妝專賣,美妝保健
466,庶務客 MISSHA APIEU ETUDE INNISFREE韓國彩妝保養口紅唇膏眼影,美妝保健
467,HAIR美髮網,美妝保健
468,PrettyGo 美麗購 專櫃美妝旗艦店,美妝保健
469,聯合利華官方旗艦店,美妝保健
470,BeautyMaker-Kevin老師彩妝旗艦店,美妝保健
471,NARUKO牛爾官方旗艦店,美妝保健
472,🇰🇷明洞妞㊣美妝全球購,美妝保健
473,嬌生美妝生活達人館,美妝保健
474,BANILA CO 官方商城 ㊣,美妝保健
475,【UNT 官方旗艦店】,美妝保健
476,聯合利華官方旗艦店,美妝保健
477,Dr.Hsieh達特醫 官方直營店,美妝保健
478,康諾健康生活館,美妝保健
479,WBK SHOP,美妝保健
480,船井生醫,美妝保健
481,巴黎草莓,美妝保健
482,【美肌拉娜】,美妝保健
483,小路人S-mall,美妝保健
484,NH專業彩妝,美妝保健
485,BEVY C. 妝前保養霸主官方旗艦店,美妝保健
486,我的心機My Scheming 官方旗艦店,美妝保健
487,真愛香水化妝品批發館,美妝保健
488,保險套世界,美妝保健
489,Dr.Douxi朵璽旗艦館,美妝保健
490,i-KiREi 彈力机密,美妝保健
491,美日多多網路流行美妝,美妝保健
492,Olivia's Love韓國代購,美妝保健
493,水水媽咪生活館 Beauty ♥ Mommy,美妝保健
494,BG SHOP 流行美妝,美妝保健
495,T-SING MARKET 官方旗艦店 ♥美妝x香水x內睡衣♥,美妝保健
496,UR8D 時尚購物,美妝保健
497,彤彤小舖-專營進口美國知名品牌,美妝保健
498,醫妝世家 滿999折扣50元,美妝保健
499,MISS.SUGAR,美妝保健
500,Nailsmall美甲美睫彩妝材料批發 byfunme八方米ZAKKA 飾品,美妝保健
501,櫻桃飾品★Cherry shop,美妝保健
502,Amashop愛買全球購,美妝保健
503,愛戀花草 FLOWERS & PLANTS,美妝保健
504,PINKCOCO 粉紅可可 官方旗艦館,美妝保健
505,急件請選全家  萊爾富需3天出貨  7-11宅配周休2日不出貨,美妝保健
506,德芳保健藥妝,美妝保健
507,幸福泉平價美妝,美妝保健
508,庫奇小舖,美妝保健
509,YSB壓箱寶購物,美妝保健
510,PQ 美妝,美妝保健
511,YES 美妝,美妝保健
512,小紅帽美妝,美妝保健
513,美人密碼美妝購物中心,美妝保健
514,FA LAIYA Taiwan,美妝保健
515,Beauty小舖。寵愛妳的美麗,美妝保健
516,Wendy Shop,美妝保健
517,仁仁保健藥妝,美妝保健
518,安康藥妝,美妝保健
519,美麗密碼 elisashop ,美妝保健
520,Realwoman美妍世家,美妝保健
521,天天美材專業批發,美妝保健
522,幸福禮堂。美甲美睫假髮,美妝保健
523,QEM-girl奢華美妝專售,美妝保健
524,chiweshop,美妝保健
525,outletshop,美妝保健
526,麥叔叔的店 有發票最安心,美妝保健
527,🌸parisfragrance巴黎香氛🌺專櫃品牌 美妝保養,美妝保健
528,dewellego 德國代購、批發,美妝保健
529,皇后與公主,美妝保健
530,TTMAX♥時尚彩妝 《TTMAX 唯一官方賣場》,美妝保健
531,SERLANDO詩蘭朵 專業時尚保養精品,美妝保健
532,BioMagic-紐澳熱線,美妝保健
533,日王株式會社NICHIOU - 台灣總代理(美妝.保健),美妝保健
534,1beauty 玩美彩妍,美妝保健
535,Miss water,美妝保健
536,EGLIPS台灣官方旗艦店(台灣唯一總代理),美妝保健
537,NewCal我的完美專家,美妝保健
538,威瑪舒培,美妝保健
539, Bébé Poshé 奢華寶貝,美妝保健
540,CANDYSHOP韓國彩妝保養面膜,美妝保健
541,≡MOMUS≡ 滿499送香氛卡,美妝保健
542,COMEZE康澤,美妝保健
543,SHOP8888,美妝保健
544,棒awesome,美妝保健
545,涵沛Hanpeique,美妝保健
546,希蜜翠兒 Symmetry❤韓國彩妝 香水 唇釉 眼影 面膜 bra 安瓶保養品❤,美妝保健
547,Xingxiang形向刷具彩妝,美妝保健
548,LeScent 天然美妝館,美妝保健
549,聯合利華官方旗艦店,美妝保健
550,變臉貓UNICAT,美妝保健
551,華陀扶元堂 - 呵護您全家,美妝保健
552,夢想鳥,美妝保健
553,芙莉詩汀★土耳其 gülsha 古爾莎玫瑰水官方旗艦館(台灣)★,美妝保健
554,歐森．健康美麗生活,美妝保健
555,UK x LADEAR官方直營館,美妝保健
556,IS LOUNGE 嗜‧香氛官方旗艦店,美妝保健
557,ARTDECO德國美肌專家,美妝保健
558,OVC Cool Life,美妝保健
559,瓷肌萃tjtskin,美妝保健
560,FOLIO花樂香氛髮品 洗髮精 沐浴乳 婚禮小物,美妝保健
561,heme喜蜜官方旗艦店,美妝保健
562,艾立巧ALC-美肌之旅,美妝保健
563,美島水肌官方網站,美妝保健
564,AGANNA官方旗艦店,美妝保健
565,普力商行-官方旗艦店,美妝保健
566,【 Formotopia 】獨角獸肌膚保養 / BFFECT 官方賣場,美妝保健
567,MISS POODLE 貴賓小姐,美妝保健
568,Taiwan Yes 台灣海洋深層水,美妝保健
569,KoreaTop 韓物通 愛敬 Age20 可瑞絲 愛多康 韓貨 台灣總代理,美妝保健
570,棠逸婚禮手工皂,美妝保健
571,WIIB,美妝保健
572,J-Love精品會館,美妝保健
573,【維髮健】科學健髮的先驅,美妝保健
574,Deedee soap樂玩皂,美妝保健
575,歐適生活,美妝保健
576,楓葉國加拿大 Dailix (台灣) ,美妝保健
577,統欣生物科技股份有限公司,美妝保健
578,芭蒂蘿絲手工皂,美妝保健
579,condoms保險套,美妝保健
580,倍莉小舖 香水保養品專賣店,美妝保健
581,合康連鎖藥局,美妝保健
582,霖威保固 Line Way,美妝保健
583,LA FAON 萊慕思 熱銷歐美十國 專業台灣美妝保養品牌 抗初老首選 新秘安瓶專家 官方蝦皮商城,美妝保健
584,巴黎好購 9月折扣碼大方送，每日再享限量$199免運，關注享優惠資訊,美妝保健
585,娜娜香水美妝,美妝保健
586,$1閃速買,美妝保健
587,"純,放空 植萃手工肥皂/複方純露專賣",美妝保健
588,面膜 Sesedior希希娣兒官方商城 -  (訂購180片以上無法超取),美妝保健
589,SunQ Shop,美妝保健
590,Style以色列 官方旗艦店,美妝保健
591,Betty Shop 貝蒂的店,美妝保健
592,WellnuX維妮舒有效不用等-新長效菁華9/16預購截止,美妝保健
593,IVITAL艾維特健康本舖,美妝保健
594,帕瑪氏/喬沛詩/蘭儂/芳芯 原廠台灣總代理,美妝保健
595,風行小鋪,美妝保健
596,LUODAIS 洛黛詩,美妝保健
597,MEKO時尚美妝,美妝保健
598,Aura choice美人嚴選,美妝保健
599,法蘭西娜 francena,美妝保健
600,御松田健康生活館(台灣官方旗艦店),美妝保健
601,WDBB時尚指彩 變色指彩,美妝保健
602,小柒小商店,美妝保健
603,Joseph選好物把好關,美妝保健
604,麓之華 X 還原肌膚原貌 官方商城,美妝保健
605,愛美購 IMAKEGO ,美妝保健
606,阿育吠陀舒活館,美妝保健
607,aspasia艾絲貝西亞2017。員工旅遊9/5～9/11。不出貨。,美妝保健
608,綬豐 SoulRich 花東綬草修護敏感肌,美妝保健
609,禾藤生技Hotenbio,美妝保健
610,1838歐洲保養,美妝保健
611,梳妝台的祕密 壓克力收納 耳環收納 口紅 刷具組,美妝保健
612,SeaofSpa,美妝保健
613,德國百妮 Bioneo官方旗鑑店,美妝保健
614,Pure Home健康洗沐品牌,美妝保健
615,JUMI啾咪日韓美妝-優質美妝正品首選 JUMI.COM.TW,美妝保健
616,Christine Ladies 蕾緹絲官方商城,美妝保健
617,炫煬健康生活館,美妝保健
618,Green Plus綠機花園,美妝保健
619,歐丹尼芳療精品,美妝保健
620,德逸好生活,美妝保健
621,花泡沫手作天然皂,美妝保健
622,9481生活品牌館,美妝保健
623,鑫耀生技 Panda Baby 官方旗艦店,美妝保健
624,Naturally 唯天然,美妝保健
625,butymall,美妝保健
626,A+ Twins天使奇姬,美妝保健
627,E.L.G 依洛嘉小舖,美妝保健
628,Sweet Dream 美甲貼紙*星玥美甲材料行*,美妝保健
629,FC美麗先淨漢方衛生棉 官方旗艦店,美妝保健
630,AquaMineral愛娃,美妝保健
631,boii 玻醫,美妝保健
632,NEVENKA 納薇卡,美妝保健
633,蒙特葳比雅諾,美妝保健
634,GaGa 為你量身訂做的洗髮精,美妝保健
635,🌿365本舖🌿保健/美妝/生活,美妝保健
636,Angie Palace 安婕絲,美妝保健
637,NOW健而婷,美妝保健
638,O'right 歐萊德 官方授權旗艦店,美妝保健
639,愛萊芙 Live Ideas,美妝保健
640,布洛特愛省團美妝保養品母嬰食品,美妝保健
641,德國Kamill卡蜜兒,美妝保健
642,LA CURE 藍琪兒,美妝保健
643,MIPA 生活百貨,美妝保健
644,艋舺肥皂,美妝保健
645,Arb-ims愛繽絲,美妝保健
646,BD貝拉朵娜美肌皇后,美妝保健
647,Bodhi Taiwan,美妝保健
648,夏利夫香水,美妝保健
649,【929】葛洛力保險套官方直營店,美妝保健
650,東京color,美妝保健
651,【Jealousness婕洛妮絲 官方賣場】,美妝保健
652,SHOWMAN型男事務所,美妝保健
653,MIHONG 健康可以改變世界,美妝保健
654,加拿大ONE源萃倈,美妝保健
655,LazyLady懶女人(官方),美妝保健
656,荷娜之戀 清爽V,美妝保健
657,Bella Beauty貝拉美人,美妝保健
658,史基農  SKINFARMER 妝前保養,美妝保健
659,derma Sante 朵裳緹 官方旗艦店,美妝保健
660,嬌聯官方旗艦店,美妝保健
661,甜馨營養中心TCNutrition,美妝保健
662,Dr.歐思佛,美妝保健
663,ScienAQUA科水 三部曲面膜,美妝保健
664,菁禾GENHAO,美妝保健
665,日本Pikka Pikka,美妝保健
666,愛康超透氣衛生棉　官方旗艦店,美妝保健
667,Comvita Taiwan,美妝保健
668,澳洲原裝New Life保健食品,美妝保健
669,腳臭剋星  星大仁,美妝保健
670,慧緻健康生活舘,美妝保健
671,NEWART聽見你頭髮的聲音,美妝保健
672,ORIKS / ORIKCOS官方旗鑑店,美妝保健
673,寶拉珍選,美妝保健
674,PG美妝,美妝保健
675,102°F,美妝保健
676,京都念慈菴健康館,美妝保健
677,rhshop,美妝保健
678,"5438美妝-營業時間為【周一至周五-AM09:00-17:00,周六日與國定假日皆公休】, 公休日皆無專人即時回覆問題,謝謝 ",美妝保健
679,營養補力健康館,美妝保健
680,nicedoctor醫學美容產品交流網,美妝保健
681,userISM 分效美療 官方旗艦店,美妝保健
682,瑞昌藥局 9/9前超商取貨付款，滿299「運費半價」!,美妝保健
683,自然入味,美妝保健
684,紅薑黃先生,美妝保健
685,LE.C香緹,美妝保健
686,髮之道(ELC DAO OF HAIR),美妝保健
687,戀愛女神 VENUS AMOUR  -  官方旗艦店,美妝保健
688,HomyGo好家購,美妝保健
689,Quame 閨蜜瑰蜜,美妝保健
690,BC百匡(BioCrown)官方旗艦店,美妝保健
691,歐蒂麗 - Odylique台灣,美妝保健
692,魔髮樂 假髮專賣店,美妝保健
693,DF美肌醫生官方旗艦店,美妝保健
694,本草時尚美妝,美妝保健
695,嬌生美妝生活達人館,美妝保健
696,微笑女神專業髮品,美妝保健
697,FILORGA菲洛嘉官方旗艦店(TW),美妝保健
698,SVR.TW官方旗艦店,美妝保健
699,百立康商品網,美妝保健
700,朵拉愛美麗★歡迎批發詢問~,美妝保健
701,Layen. Beauty,美妝保健
702,【康健天地】,美妝保健
703,PIGUNI韓國代購,美妝保健
704,UrGOOD有購健康美,美妝保健
705,HODRMEN男研堂 專賣洗面乳、男性面膜、粉刺痘痘精華、控油化妝水、乳液等。男性保養官方授權專賣店。,美妝保健
706,Dr. Bronners布朗博士,美妝保健
707,St.Clare聖克萊爾 官方旗艦店,美妝保健
708,瑀婕YUJIE,美妝保健
709,小資屋,美妝保健
710,【易健達國際】百元平價保健專家,美妝保健
711,Meijin眼鏡 (原太古名人眼鏡),美妝保健
712,ENERVIT 運動食品補給專家,美妝保健
713,梅佐生活★Merjoy Home,美妝保健
714,EILEEN GRACE,美妝保健
715,小38日記,美妝保健
716,健康物語-保健食品/瓷器/家具/居家生貨百貨,美妝保健
717,花草堂,美妝保健
718,天然之扉 - 歐美草本保養專家,美妝保健
719,OuiOrganic唯有機[官方旗艦店],美妝保健
720,RinatoTw (日本雜貨小賣店),美妝保健
721,LX美妍殿堂,美妝保健
722,GamARde 法國珂瑪德官方旗艦店,美妝保健
723,夢幻水晶靈坊,美妝保健
724,Cheerful Skin 官方旗艦店,美妝保健
725,三立電電購( setddg ),美妝保健
726,可傑美妝生活館,美妝保健
727,台灣唯娜露,美妝保健
728,GOING COSME問題肌膚修護專家,美妝保健
729,Love購雜貨鋪,美妝保健
730,MFH 韓系造型髮,美妝保健
731,英國 ALLOYA 愛若雅,美妝保健
732,信東生技,美妝保健
733,BeeZin康萃,美妝保健
734,Raw Beauty 義大利進口沐浴精品,美妝保健
735,Vivo薇朵美妝館,美妝保健
736,23度26分 醫美護膚保養官方直營店,美妝保健
737,♛BBQUEEN女人購物網♛SHILLS旗艦館★ 💋,美妝保健
738,白色翅膀white wings官方旗艦店,美妝保健
739,康迪斯保健食品Candice,美妝保健
740,胤詮FaceTea行動商城,美妝保健
741,穆拉德勁有力 一氧化氮 公司貨,美妝保健
742,lavienaturelle,美妝保健
743,Hlolo 歡樂鹿,美妝保健
744,BellaQ Spa,美妝保健
745,綠光森林手工皂,美妝保健
746,日本怪獸美妝學院,美妝保健
747,瑞兒瑪朵 Re Model - 敏弱肌的守護者,美妝保健
748,日初-健康小売所,美妝保健
749,髮蔓濃★得爾美,美妝保健
750,BEME 比米官方旗艦店,美妝保健
751,MIT官方芭玖娜髮妝保養聖品,美妝保健
752,NU EGF,美妝保健
753,CITYCOLOR 官方旗艦店,美妝保健
754,Q+韓國美妝保養專賣店,美妝保健
755,Lai Wan Wan 來灣灣,美妝保健
756,頂豐Toppik,美妝保健
757,柔狐 Smart Fox,美妝保健
758,FreshO2,美妝保健
759,大衛香水館,美妝保健
760,美之選膠原蛋白,美妝保健
761,IN natura．綠色森林主義,美妝保健
762,Crisstar卡霓朵 醫學美妝,美妝保健
763,LANAMI 官方旗艦店,美妝保健
764,妲己佳人DARLIN 官方旗艦店,美妝保健
765,Cindora 馨手作,美妝保健
766,小璇魔髮屋   韓菓舖,美妝保健
767,日濢Tsuie 花蓮4號山苦瓜,美妝保健
768,ALIZ 愛裡．時氣味藝術,美妝保健
769,☆德國GLYSOMED®葛妮絲/寶貝蛙☆官方旗艦館,美妝保健
770,廖叔叔健康屋,美妝保健
771,愛康介護,美妝保健
772,SKINmore,美妝保健
773,紫錐專家-英姿麗,美妝保健
774,自然之名官方旗艦店,美妝保健
775,安德生醫,美妝保健
776,ZOOCCi 質物系,美妝保健
777,365days 美妝館,美妝保健
778,COLAOE克洛伊同名經典香水有機洗髮精,美妝保健
779,HABA無添加主義,美妝保健
780,Sunray's生瑞仕皮膚美學官方旗艦店,美妝保健
781,VJN&Co,美妝保健
782,COSDAN 寇斯得,美妝保健
783,Burt's Bees 總代理 小蜜蜂爺爺 ,美妝保健
784,學長的保濕工坊,美妝保健
785,Cosplus 光妍指彩 安心豐彩,美妝保健
786,Dazzleslim 黛若詩琳,美妝保健
787,EyeHome,美妝保健
788,ooofresh 精華安瓶的最佳選擇,美妝保健
789,peripera Taiwan❤,美妝保健
790,愛芮肯 ERIGANCE 敏感肌保養品專賣,美妝保健
791,Home Dr.健家特 功能性食品領導者,美妝保健
792,村上正彥MULAKAMI,美妝保健
793,元美堂 Genbido,美妝保健
794,佐登妮絲官方旗艦店,美妝保健
795,de第一化粧品官方旗艦店,美妝保健
796, Sunnywhole 昇暉健康生活,美妝保健
797,創藝皂學,美妝保健
798,妝漾子young,美妝保健
799,Masly麥詩妮旗艦店,美妝保健
800,Chocola BB 官方唯一指定經銷商,美妝保健
801,長行生技官方賣場,美妝保健
802,長虹生醫,美妝保健
803,【官方直營】古寶無患子,美妝保健
804,富山生活藥妝,美妝保健
805,Make Mee Beauty 澳洲玫瑰果油,美妝保健
806,喜憨兒・喜歡你購物網,美妝保健
807,ViNACE米爾娜斯－平價頂級保養,美妝保健
808,鑽石黛西Diamond Daisy,美妝保健
809,威品嚴選 旗艦店,美妝保健
810,果寶歡酵觀光工廠,美妝保健
811,SIVANNA COLORS,美妝保健
812,東森健康生技｜機能保健｜纖體順暢｜生技保健,美妝保健
813,GNC全球最大保健品牌,美妝保健
814,WE GIRLS 官方旗艦店 ,美妝保健
815,台酒生技 VINATA ,美妝保健
816,大大市集 BigBigMart,美妝保健
817,23.5ﾟN北緯研製 官方直營店,美妝保健
818,DR.KING達麗金,美妝保健
819,Jily大店（JILY的家）,美妝保健
820,aturia 奧麗雅生醫,美妝保健
821,NAF,美妝保健
822,chuchu beauty,美妝保健
823,YOKO 皇家生活美妝 ROYAL LIFE & BEAUTY,美妝保健
824,womencare,美妝保健
825,Chih Pure,美妝保健
826,GAGA-ABOUTSOAP,美妝保健
827,FLY UP 幻色蝶影國際美妝館 【官方旗艦店】,美妝保健
828,日本美妝商品,美妝保健
829,【未來購物商城】FUTURE﹡SHOP,美妝保健
830,Dolly朵莉髮妝,美妝保健
831,法國 One Day Bio 每日有機保養品官方旗艦店| 素食保養品| 有機認證,美妝保健
832,TISSERAND滴莎藍德官方網站,美妝保健
833,艾朵莉雅手工皂坊,美妝保健
834,PRANARÔM普羅芳 台灣總代理,美妝保健
835,香爵 shiangers,美妝保健
836,Coco 輕．美人,美妝保健
837,SKIN RUBY - 醫美沙龍專用保養品 水光針 玻尿酸 官方旗艦店,美妝保健
838,大醫生技官方旗艦店,美妝保健
839,38G SKIN CARE,美妝保健
840,bihua 苾華,美妝保健
841,Sandy Chen Collection,美妝保健
842,la_promiskin 鉑蜜肌,美妝保健
843,馨亞堂國際貿易有限公司,美妝保健
844,✿ 梨花跑跑妞 ✿ - 韓國正品美妝專業代購,美妝保健
845,優沛康 | upcol,美妝保健
846,台灣真美麗嚴選好物,美妝保健
847,妍美會,美妝保健
848,【MILD'S曼思】水性可剝健康指彩||官方購物網站,美妝保健
849,【阿皂屋 Bob in House 官方旗艦店】,美妝保健
850,璽越生技,美妝保健
851,Glamour Sky 湘嵐行銷,美妝保健
852,DSD-E,美妝保健
853,LD 好菌健康館,美妝保健
854,KKORA美學生活館,美妝保健
855,YEPPU 時尚美妝.選品,美妝保健
856,MINIBOX 微美盒* 日韓歐洲美妝母嬰保養,美妝保健
857,苦行生化科技,美妝保健
858,大家應用,美妝保健
859,禾坊藥局-實體店面經營,美妝保健
860,德田健康生技,美妝保健
861,SHOPURE│飄兒香香,美妝保健
862,里仁生技,美妝保健
863,AMOY STAR母星旗艦館,美妝保健
864,AMOUR 好康賣場,美妝保健
865,護妍天使,美妝保健
866,安穩呷健康養生舖,美妝保健
867,非比尋常UniekSA,美妝保健
868,10點半香水美妝,美妝保健
869,REMIKABIO芮宓卡,美妝保健
870,│5295我愛購物│美妝購物網,美妝保健
871,DV笛絲薇夢,美妝保健
872,奇拉朵的秘密花園,美妝保健
873,BOUTIQ TAIWAN,美妝保健
874,普羅拜爾,美妝保健
875,OWTUS,美妝保健
876,悠活原力 官方旗艦店 | 好菌銀行,美妝保健
877,立康健康購,美妝保健
878,Elize愛麗姿美妝【官方直營】,美妝保健
879,芳茲生技,美妝保健
880,skin1004_taiwan官方商城,美妝保健
881,鹿小姐美妝Miss deer beauty,美妝保健
882,駄目少女の美妝保養批發,美妝保健
883,琺頌 FASUN,美妝保健
884,保敷寧遠紅外線能量保健,美妝保健
885,HH草本新淨界-私密保養專家,美妝保健
886,羅  威  氏,美妝保健
887,好酵淨—呵護您全家人的健康,美妝保健
888,茶山房官方直營店,美妝保健
889,亞美果企業有限公司,美妝保健
890,i like beauty歐美彩妝化妝用品,美妝保健
891,愛美館直購中心,美妝保健
892,house king【好事王】生活居家百貨,美妝保健
893,女人知己 Just Woman,美妝保健
894,worldibuy國際購物中心,美妝保健
895,師法蘿ISVARA,美妝保健
896,親安心益生菌有限公司,美妝保健
897,VG凡格堤保養品-官方直營,美妝保健
898,94Life宜生活,美妝保健
899,MENIPPE 媚力泊,美妝保健
900,Beautiful Agreement,美妝保健
901,OhanaMahaalo,美妝保健
902,費洛蒙的世界® Pheromones Paradise,美妝保健
903,LCH乳酸菌,美妝保健
904,樂夢男士-用洗淨創造拉近的近距離洗髮精,美妝保健
905,jblin.tw,美妝保健
906,第4謎語官方旗艦店,美妝保健
907,美容小菻,美妝保健
908,Whole 買店,美妝保健
909,DIJIA玓家,美妝保健
910,Psyche賽姬打造時尚美肌&線上購物點選,美妝保健
911,【Dreamy 致．愛美】真實有感的保養專家,美妝保健
912,新肌霓 Ingeni,美妝保健
913,CATiSS 官方旗艦館,美妝保健
914,仙桃牌,美妝保健
915,AURAI 水波式冷熱敷 按摩眼罩,美妝保健
916,油頭型男俱樂部,美妝保健
917,BeyondBeauty 鎂漾生技,美妝保健
918,花小小(嬰幼用品/美妝保養/日用品),美妝保健
919,"營養師輕食｜全球華人營養品第一品牌 益生菌,魚油,葉黃素,乳酸菌,酵素,花青素,蝦紅素 ",美妝保健
920,GermanyGO,美妝保健
921,韓國美妝 ZOA 購物商城  APIEU MISSHA,美妝保健
922,Bronson 博爾生,美妝保健
923,HOLIKA HOLIKA,美妝保健
924,敏弱肌臉部保養品品牌 | oaoa精油乳霜 ,美妝保健
925,夢素肌EX　官方授權,美妝保健
926,PEZRI派翠官方旗艦店,美妝保健
927,Little Devil 天使惡魔,美妝保健
928,GS美妝小姐,美妝保健
929,美吾髮官方旗艦店,美妝保健
930,卡樂芙官方旗艦店,美妝保健
931,La  Beautè,美妝保健
932,美得像專櫃 化妝品收納 彩妝收納 化妝盒 口紅收納 化妝鏡,美妝保健
933,Jos 安瓶Instant Ampoules Essence,美妝保健
934,金太武一條根【正宗金門一條根】,美妝保健
935,Jessica C 美妍生活,美妝保健
936,DAYLA 黛樂美妝- 森林系輕彩妝保養品,美妝保健
937,hosanna荷莎娜,美妝保健
938,伊麗緹克Elitech,美妝保健
939,Ossforce 歐馥斯,美妝保健
940,Trind Taiwan,美妝保健
941,sélect organics 有機荟萃天然保養專門店 ★精油芳療 ★家用清潔,美妝保健
942,蔻柏蘭超清爽頂級平價保養品,美妝保健
943,黛儷芙美妝系列,美妝保健
944,LIOS SHOP 自然美,美妝保健
945,M&B elements 媽咪親子元素館,美妝保健
946,艾登安和藥局,美妝保健
947,Bio-Kult 百歐酷商展,美妝保健
948,德風生活館,美妝保健
949,Sinoop仙樂,美妝保健
950,醇植素生物科技,美妝保健
951,雷射保養館,美妝保健
952,BiOT - 健康生活站,美妝保健
953,台塘TAITANN,美妝保健
954,【NEWT STUDIO 】,美妝保健
955,英國Lily Lolo天然礦物彩妝(台灣總代理),美妝保健
956,Nail Dress,美妝保健
957,Cybermetics,美妝保健
958,Health365,美妝保健
959,台灣瑞金 安捷莉娜 蝦皮旗鑑店,美妝保健
960,悦顏•悅尚面膜&朵色&彌尚,美妝保健
961,科懋生技,美妝保健
962,【AROMASE艾瑪絲】解決頭皮問題的專家 ★★官方直營旗艦店★★,美妝保健
963,Charming Sunny ,美妝保健
964,沐 Mutural 台灣保養品牌,美妝保健
965,CEV 專業指彩官方賣場,美妝保健
966,國味堂生技,美妝保健
967,不囉嗦現貨館,美妝保健
968,禇思 / Truth 官方旗艦店,美妝保健
969,王大夫一條根  [金門縣政府收購一條根証明],美妝保健
970,美麗無國界-美妝保健專門店,美妝保健
971,德國BIOXSINE 沛優絲 品牌旗艦店,美妝保健
972,小護士醫美小舖,美妝保健
973,德國THYMUSKIN欣髮源,美妝保健
974,伊莉特 Elite Secret,美妝保健
975,POYA寶雅,美妝保健
976,CeraVe官方旗艦店,美妝保健
977,玫瑰化粧品批發零售玫瑰化妝品玫瑰飾品六月初一8結蛋捲,美妝保健
978,SAHOLEA森歐黎漾,美妝保健
979,Redtera蕾泰勒專業髮品,美妝保健
980,Kosuiya,美妝保健
981,DENNIS FEI,美妝保健
982,Aurora歐若拉,美妝保健
983,🚚🚚新鮮商城🚚🚚,美妝保健
984,Costlit,美妝保健
985,寧靜時刻 QUIET TIME,美妝保健
986,東京生技,美妝保健
987,高宏國際實業有限公司,美妝保健
988,TT波特嫚官方旗艦店,美妝保健
989,TAIPU 台葡生技,美妝保健
990,陽光藥局,美妝保健
991,善存挺立克補旗艦館,美妝保健
992,ishop0101,美妝保健
993,Espesso Plus,美妝保健
994,MEDIFACE 自然顏里,美妝保健
995,希芙手工皂,美妝保健
996,AlwaysSui習慣美麗,美妝保健
997,新開幕 金額滿388元送牙刷粉底刷JB 美妝小鋪,美妝保健
998,本草自然,美妝保健
999,台灣碧夏銀有限公司 專營韓國化妝品批發,美妝保健
1000,MyProtein官方店,美妝保健
1001,LENA & Q后美妝保養,美妝保健
1002,朵朵日系醫美保養,美妝保健
1003,愛必康API HEALTH,美妝保健
1004,北國溫室,美妝保健
1005,ID.AZ官方旗艦店,美妝保健
1006,拂朵,美妝保健
1007,Jarrow賈羅公式【台灣區總代理】,美妝保健
1008,美膚娜娜Frusirnana,美妝保健
1009,USIES優皙思保養品本公司直營販售,美妝保健
1010,NeoCell妮兒膠原蛋白/LOVEBUG樂寶益生菌※台灣總代理莫斯※官方唯一授權※膠原蛋白/粉※成人/兒童益生菌,美妝保健
1011,花草引力-橄欖手工皂X精油香氛,美妝保健
1012,龍鳳健康生活館,美妝保健
1013,yunsian 芸仙植萃護膚商城,美妝保健
1014,酵素錠🍀蔬果酵素🍀體內環保🍀工廠直營🍀大盤價🍀酵素工場,美妝保健
1015,Farlin官方育嬰旗艦館,美妝保健
1016,麗髮苑旗艦店,美妝保健
1017,iKIREI 愛綺麗美粧,美妝保健
1018,Ladynana,美妝保健
1019,MKUP美咖★官網旗艦館,美妝保健
1020,Wow Woman,美妝保健
1021,面膜專家 Yaritza漾愛醫美保養品牌 植萃醫學美容面膜 保濕面膜 蠶絲面膜,美妝保健
1022,蘭都香詩典_ScentDom,美妝保健
1023,男朋友-蝦皮官方旗艦店,美妝保健
1024,AM 【美妝旗艦店】,美妝保健
1025,Lilla Fé 原創香氛,美妝保健
1026,植芮堂-素食保養專賣,美妝保健
1027,annaelle_tw,美妝保健
1028,CTI崇雲旗艦店-美容保養品／保健食品,美妝保健
1029,多多購,美妝保健
1030,天使國際有限公司 TIANNA,美妝保健
1031,msmiletaiwan,美妝保健
1032,QueenMary定妝安瓶第一品牌♕,美妝保健
1033,臺灣茶摳,美妝保健
1034,Tsuvimi 姿慧美,美妝保健
1035,沐植萃。歐洲有機,美妝保健
1036,[BULLETPROOF台灣經銷商｜STILLQUEEN],美妝保健
1037,🏠星安健康🏠,美妝保健
1038,👍┌Imselene英絲林┐-----------------高莉雅娜生技有限公司,美妝保健
1039,長宏醫藥生技股份有限公司,美妝保健
1040,unistore,美妝保健
1041,『9417buy』韓國正品美妝,美妝保健
1042,阿西塔密諾芬,美妝保健
1043,beauty.bible漂亮堡典,美妝保健
1044,德國GD原裝護膚館,美妝保健
1045,My color bar ( My color ),美妝保健
1046,手工糠皂,美妝保健
1047,MissGYM,美妝保健
1048,Le Masque 面具香氛,美妝保健
1049,販奇網 ‧ 讓您放心買,美妝保健
1050,dr.DNA,美妝保健
1051,94愛髮,美妝保健
1052,西歐國際,美妝保健
1053,韓國Cosmetea珂思美媞,美妝保健
1054,聿健 法雅 Royal x FarYea,美妝保健
1055,巧恬美妝館,美妝保健
1056,【美陸生技AWBIO官方網路商店-保健營養的專家】,美妝保健
1057,AHM生活館,美妝保健
1058,BH-SHOPPING,美妝保健
1059,美生藥局-MAY's,美妝保健
1060,E.H.B,美妝保健
1061,Joyful 九馥健康美麗生活館,美妝保健
1062,神龍生技農場博物館,美妝保健
1063,姊妹日記 品牌旗艦館,美妝保健
1064,體大愛運動,美妝保健
1065,精油W.I.L.藝術學院,美妝保健
1066,101購物網,美妝保健
1067,魔惰 Sveltology,美妝保健
1068,Ur Bebe 優貝,美妝保健
1069,優良健康商城,美妝保健
1070,愛視克爾官方旗艦店,美妝保健
1071,Cestvrai 莎菲亞,美妝保健
1072,Dr.Jart+盧亞BeautyScents官方商城,美妝保健
1073,insafety,美妝保健
1074,DDBS,美妝保健
1075,irra-伊芮化妝品,美妝保健
1076,購綺麗小舖gokirei ,美妝保健
1077,蔬纖生-蔬果專家(山苦瓜),美妝保健
1078,每日一見 DAILY LOOK ,美妝保健
1079,活力達康站,美妝保健
1080,Amily艾美麗,美妝保健
1081,An Du Du,美妝保健
1082,EGO_QV,美妝保健
1083,敲好買美妝保養,美妝保健
1084,essence艾森絲 官方旗艦店,美妝保健
1085,【Atomo】專業美妝保養批發零售,美妝保健
1086,Annie's Way 安妮絲薇面膜專賣,美妝保健
1087,CYLAB保養美學,美妝保健
1088,Bioline星譜生技,美妝保健
1089,萬虹滴雞精粉,美妝保健
1090,美鉌草本MayHerbs,美妝保健
1091,愛草學手工皂，滋潤人的必得滋潤,美妝保健
1092,IRIYA伊麗雅頭皮頭髮保養,美妝保健
1093,LAONIE SHOP,美妝保健
1094,Huxley 官方旗艦店,美妝保健
1095,《jmakeBeauty 就愛水》專櫃美妝保養館,美妝保健
1096,娜歐蜜 20111111wl,美妝保健
1097,大漢酵素原廠直營網路店鋪,美妝保健
1098,肌膚調理專家~荷莉安,美妝保健
1099,Winmax 官方賣場,美妝保健
1100,來而康 保健 醫療用品 館,美妝保健
1101,JDP好法天然,美妝保健
1102,taiyenbeauty,美妝保健
1103,WishNote 滿520折50 ,美妝保健
1104,法國adopt' 愛朵香水旗艦店,美妝保健
1105,Delocéan+海洋萃進階 懶人保養神器【官方商城】,美妝保健
1106,日韓 x 美妝,美妝保健
1107,愛美麗福利社-美妝香氛館,美妝保健
1108,燕窩行家-品御方,美妝保健
1109,JOLLYARD 潔麗雅,美妝保健
1110,DR.WU官方OUTLET旗艦店,美妝保健
1111,Jardin d'Aura 歐若莊園有機美妝概念店,美妝保健
1112,KRYOLAN 歌劇魅影彩妝,美妝保健
1113,Mercy Soap手工皂專賣店,美妝保健
1114,11_store,美妝保健
1115,Within organic 唯園有機保養品,美妝保健
1116,airbubu,美妝保健
1117,DORETTA 朵芮藥妝－雙金微導保養,美妝保健
1118,1001 生活選物,美妝保健
1119,氣味圖書館 SCENT LIBRARY,美妝保健
1120,odor funder氣味製造所,美妝保健
1121,O・P・I 指甲油官方旗艦館,美妝保健
1122,好買百貨,美妝保健
1123,THE BODY SHOP官方旗艦店,美妝保健
1124,美滿堂Beautyfull,美妝保健
1125,Boskin寶貝美肌,美妝保健
1126,遠傳官方直營旗艦店,手機平板與周邊
1127,SAMSUNG三星官方授權旗艦店,手機平板與周邊
1128,ASUS官方授權通訊旗艦館,手機平板與周邊
1129,SONY Mobile官方授權店,手機平板與周邊
1130,犀牛盾官方旗艦館,手機平板與周邊
1131,神腦線上 Senao,手機平板與周邊
1132, JBL官方旗艦店,手機平板與周邊
1133,金好買3C,手機平板與周邊
1134,Baseus倍思官方旗艦店,手機平板與周邊
1135,國菲通訊網路部,手機平板與周邊
1136,超級購SuperBuy ,手機平板與周邊
1137,Moshi 官方旗艦店,手機平板與周邊
1138,HTC旗艦店,手機平板與周邊
1139,OtterBox官方直營店,手機平板與周邊
1140,KH3C,手機平板與周邊
1141,AKG官方直營店,手機平板與周邊
1142,TOTU 官方旗艦店,手機平板與周邊
1143,買樂3C,手機平板與周邊
1144,Benks 台灣旗艦店,手機平板與周邊
1145,ONPRO 官方旗艦店,手機平板與周邊
1146,全虹官方直營旗艦店,手機平板與周邊
1147,丹麥皇家御用B&O PLAY精品音響 Make Beautiful Sound,手機平板與周邊
1148,DEVILCASE惡魔鋁合金,手機平板與周邊
1149,Gap官方旗艦店,嬰幼童與母親
1150,P&G寶僑旗艦店-幫寶適/一級幫/超薄乾爽/液體衛生棉/Ariel/官方旗艦店,嬰幼童與母親
1151,chicco官方直營-義大利嬰幼館,嬰幼童與母親
1152,慕之恬廊官方旗艦店,嬰幼童與母親
1153,嬌聯官方旗艦店,嬰幼童與母親
1154,玩具反斗城,嬰幼童與母親
1155,舒潔/靠得住/好奇-金百利官方商城,嬰幼童與母親
1156,JJLKIDS季季樂童裝★官方旗艦館,嬰幼童與母親
1157,易速購,嬰幼童與母親
1158,ASICS官方旗艦店,嬰幼童與母親
1159,麗貝樂/添寧/包大人/小淘氣/噓噓樂 品牌旗艦店,嬰幼童與母親
1160,ohohmini歐歐咪妮 孕婦裝旗艦店,嬰幼童與母親
1161,麗兒采家,嬰幼童與母親
1162,【MOTHER-K總代理】韓國婦幼品牌,嬰幼童與母親
1163,小獅王辛巴 Simba,嬰幼童與母親
1164,Mentari 木製玩具,嬰幼童與母親
1165,Akachan 阿卡將,嬰幼童與母親
1166,USBABY台灣優生-母嬰用品,嬰幼童與母親
1167,衛立兒生活館,嬰幼童與母親
1168,寶寶共和國Babyrepublic,嬰幼童與母親
1169,YODEE 優迪嚴選,嬰幼童與母親
1170,"baby童衣-augelute品牌旗艦店,包屁衣連身衣居家套裝專賣店",嬰幼童與母親
1171,PUKU藍色企鵝,嬰幼童與母親
1172,【Baby Union 小奶娃】,嬰幼童與母親
1173,麗嬰兒童玩具館,嬰幼童與母親
1174,Baby Tiger,嬰幼童與母親
1175,奇妮孕哺 Gennies,嬰幼童與母親
1176,好娃娃親子生活館【限時 799折100】,嬰幼童與母親
1177,MIMI別走孕婦裝 哺乳衣 ❤️️,嬰幼童與母親
1178,蔓蒂小舖．孕婦裝,嬰幼童與母親
1179,BabyCrown嬰幼精品購物,嬰幼童與母親
1180,愛兒寶 （腰凳 背巾 游泳圈）,嬰幼童與母親
1181,mom baby - 限今日 7-11滿299免運~,嬰幼童與母親
1182,motherhome18  旺媽的奶粉,嬰幼童與母親
1183,大衛童書,嬰幼童與母親
1184,小金寶寶❤️現貨供應✨公司正貨✨奶粉專賣,嬰幼童與母親
1185,Double Love母嬰同室,嬰幼童與母親
1186,🌸桐心媽咪．孕婦裝🌸哺乳衣/孕婦裝/親子裝,嬰幼童與母親
1187,亞尼活力網│備孕、懷孕、哺乳營養,嬰幼童與母親
1188,橘魔法童裝【現貨】秋新款上市+零碼出清,嬰幼童與母親
1189,babygo親子購物網,嬰幼童與母親
1190,雪倫小舖,嬰幼童與母親
1191,AIB小舖,嬰幼童與母親
1192,魔法Baby親子.居家商城,嬰幼童與母親
1193,愛爬樂-現貨販售,嬰幼童與母親
1194,121婦嬰用品 官方旗艦館,嬰幼童與母親
1195,Rikunori瑞克腦力玩具-官方商店,嬰幼童與母親
1196,DJ Toys 玩玩具,嬰幼童與母親
1197,YODA優の寶貝,嬰幼童與母親
1198,艾倪親子館!滿999免運!!!,嬰幼童與母親
1199,快樂奶爸,嬰幼童與母親
1200,愛寶童衣舖-全館現貨~台灣出貨~童裝、日本代購、韓國女裝～,嬰幼童與母親
1201,CT-SHOP.小城市,嬰幼童與母親
1202,佳兒園婦幼生活館,嬰幼童與母親
1203,童話故事母嬰精品旗艦店,嬰幼童與母親
1204,孕味十足甜美娃娃裝服飾店,嬰幼童與母親
1205,小小家嬰幼精品網路旗艦店,嬰幼童與母親
1206,兒童髮飾 奶嘴鍊 平安符袋 防蚊扣,嬰幼童與母親
1207,小恐龍旗艦店,嬰幼童與母親
1208,❤ 恩恩寶貝嬰童用品 ❤,嬰幼童與母親
1209,有機貝貝Holle德國和樂貝比自然牛奶粉,嬰幼童與母親
1210,排卵試紙│EMED.com.tw,嬰幼童與母親
1211,夢薇雅旗艦店,嬰幼童與母親
1212,水清淨官方賣場,嬰幼童與母親
1213,Cuibaby酷貝比國際有限公司,嬰幼童與母親
1214,Baby女裝,嬰幼童與母親
1215,nafee台灣製品牌童裝 寶寶安全用品 媽媽包,嬰幼童與母親
1216,hanplus 愛韓家,嬰幼童與母親
1217,Q北鼻嚴選婦嬰生活館,嬰幼童與母親
1218,Azio Kids 美國派 童裝,嬰幼童與母親
1219,10Days for kids 嬰童館(TENDAYS 官方直營),嬰幼童與母親
1220,annypepe童裝專門店,嬰幼童與母親
1221,WECAN玩具專門店,嬰幼童與母親
1222,888便利購 ( 小朋友玩具文具專賣店),嬰幼童與母親
1223,奇買親子購物網,嬰幼童與母親
1224,林彗媽咪 宏鉅寶寶麵,嬰幼童與母親
1225,小櫻桃嬰兒用品,嬰幼童與母親
1226,飛炫寶寶嬰幼兒精品館,嬰幼童與母親
1227,甜蜜蜜 親子裝 - 幸福家庭的專家,嬰幼童與母親
1228,漂亮小媽咪,嬰幼童與母親
1229,Baby ur Baby,嬰幼童與母親
1230,貝比幸福小舖,嬰幼童與母親
1231,Sunnybaby生活館,嬰幼童與母親
1232,lovebbb,嬰幼童與母親
1233,lucybabys,嬰幼童與母親
1234,小饅頭婦嬰生活館,嬰幼童與母親
1235,平價包包專賣店,嬰幼童與母親
1236,baby嚴選,嬰幼童與母親
1237,✿愛兒屋營養健康館✿,嬰幼童與母親
1238,G.I.A.T. ,嬰幼童與母親
1239,歡迎光臨 天天來小舖  499免運 滿300送10折扣卷,嬰幼童與母親
1240,胖皮婦嬰百貨批發,嬰幼童與母親
1241,♡蘋果小舖♡ 加入FB粉專領取折扣代碼!!,嬰幼童與母親
1242,好米亞 優選購物,嬰幼童與母親
1243,mama-papa親子網,嬰幼童與母親
1244,里和家居 📣  關注本店，不定期送折價券,嬰幼童與母親
1245,青林國際出版,嬰幼童與母親
1246,青檸檬童裝童鞋童配件,嬰幼童與母親
1247,桃子寶貝玩廚房,嬰幼童與母親
1248,Topole Life,嬰幼童與母親
1249,capt. sugar凱普頓時尚童裝,嬰幼童與母親
1250,Twinkle Twinkle 兒童少女有機美妝旗艦店,嬰幼童與母親
1251,"Farandole 法紅荳：安心,樂趣,簡單,溫馨",嬰幼童與母親
1252,qmumii孕婦裝,嬰幼童與母親
1253,🌈  歐巴小舖 OBA's Shop  🌈包屁衣/連身衣/童裝,嬰幼童與母親
1254,Lemonkid檸檬寶寶 旗艦店 ,嬰幼童與母親
1255,Gochui Outlet,嬰幼童與母親
1256,寶寶貝貝嬰童館,嬰幼童與母親
1257,樂樂童鞋 (滿千免運費),嬰幼童與母親
1258,BagJoy 快樂探索,嬰幼童與母親
1259,媽媽屋．哺乳育兒,嬰幼童與母親
1260,QutieB / QB 選物,嬰幼童與母親
1261, PatoPato遊戲地墊,嬰幼童與母親
1262,Mamas & Papas 台灣,嬰幼童與母親
1263,AliyBonnie童鞋親子鞋,嬰幼童與母親
1264,VOUS精品媽媽包,嬰幼童與母親
1265,轉頭囍DOPIS官方旗艦店-有機棉嬰幼館,嬰幼童與母親
1266,歐洲belmil貝米兒書包,嬰幼童與母親
1267,唯可●日本婦幼品牌總代理,嬰幼童與母親
1268,新竹兩隻老虎童鞋舘,嬰幼童與母親
1269,安可堡 unclebubble  Oo專業泡泡玩具製造商oO,嬰幼童與母親
1270,『居民優品』旗艦店,嬰幼童與母親
1271,慕貝爾旗艦店,嬰幼童與母親
1272,Jack N' Jill 台灣官方直營旗艦店,嬰幼童與母親
1273,瑪琍歐玩具,嬰幼童與母親
1274,布布童鞋,嬰幼童與母親
1275,RoseLily 蘿絲莉莉 嬰兒副食品/食物泥/寶寶粥,嬰幼童與母親
1276,Wesmile 威斯邁親子購物,嬰幼童與母親
1277,jimiss婦幼生活百貨,嬰幼童與母親
1278,米大師美食國際有限公司,嬰幼童與母親
1279,雙魚座PISCES 日本專業代購,嬰幼童與母親
1280,Cahill 卡其爾童裝,嬰幼童與母親
1281,新淨界,嬰幼童與母親
1282,北投之家美日韓童裝,嬰幼童與母親
1283,墨寶齋製筆莊,嬰幼童與母親
1284,日本製六重紗布被/舒克清產品系列,嬰幼童與母親
1285,真馨坊婦嬰生活館(商城),嬰幼童與母親
1286,嬌生美妝生活達人館,嬰幼童與母親
1287,嬌生美妝生活達人館,嬰幼童與母親
1288,腸病毒 芊柔濕紙巾 口罩 milk17 牛奶棒,嬰幼童與母親
1289,勤逸軒文化事業網路商店,嬰幼童與母親
1290,GIO Pillow官方商城,嬰幼童與母親
1291,BB補給站,嬰幼童與母親
1292,機本玩意OBOi,嬰幼童與母親
1293,卡拉小舖 charaport,嬰幼童與母親
1294,童心園,嬰幼童與母親
1295,好優品 ハオヨピン,嬰幼童與母親
1296,GMP BABY 官方直營,嬰幼童與母親
1297,樂氏同仁堂-好蘊道,嬰幼童與母親
1298,愛兒親子購物網,嬰幼童與母親
1299,🌸啵啵媽🌸母嬰用品,嬰幼童與母親
1300,貓頭鷹寵物 寵物吹風機支架 吹風機固定架,嬰幼童與母親
1301,頌茵國際,嬰幼童與母親
1302,SIMPLES.I.SHOP,嬰幼童與母親
1303,芊柔 濕紙巾/貝貝佳母嬰/生活用品/口罩/床圍欄,嬰幼童與母親
1304,Ms&Mr 雜貨店,嬰幼童與母親
1305,zenfab有機棉,嬰幼童與母親
1306,Alobaby 100%日本製造原裝進口,嬰幼童與母親
1307,時尚親子裝 CHIC KIMBLAKE ,嬰幼童與母親
1308,紅咚咚童鞋,嬰幼童與母親
1309,雲小團團,嬰幼童與母親
1310,wulovemama,嬰幼童與母親
1311,布托_Putto_台灣官方直營店,嬰幼童與母親
1312,kinderwagon官方授權台灣代理商,嬰幼童與母親
1313,嬰之房 婦嬰用品,嬰幼童與母親
1314,Luck小舖,嬰幼童與母親
1315,MY 8 Life  Shop,嬰幼童與母親
1316,POSHUP 網路旗艦館,嬰幼童與母親
1317,黃色小鴨官方直營-嬰童用品館 PiyoPiyo,嬰幼童與母親
1318,奧瑞生,嬰幼童與母親
1319,DEMBY group,嬰幼童與母親
1320,傑媽童裝小舖~專營自有品牌,嬰幼童與母親
1321,YuYi Shop.Go® ,嬰幼童與母親
1322,Chelston Bikes,嬰幼童與母親
1323,JUJUBE總代理 FINELIVING精緻生活,嬰幼童與母親
1324,Gtoys_聚一聚親子雜貨店,嬰幼童與母親
1325,haakaa Taiwan菱俐國際-原廠授權進口代理商,嬰幼童與母親
1326,PERO ISOFIX安全座椅,嬰幼童與母親
1327,Caring親子好物,嬰幼童與母親
1328,AirBuggy Taiwan,嬰幼童與母親
1329,Mogu●Mogu莫谷市集,嬰幼童與母親
1330,海盜小崴 最健康好吃的幼兒食品,嬰幼童與母親
1331,Beseye,嬰幼童與母親
1332,UnMe官方直營─台灣優質專業書包品牌,嬰幼童與母親
1333,阿里媽媽童裝,嬰幼童與母親
1334,MiBe Collection官方商城,嬰幼童與母親
1335, Bubu Shop,嬰幼童與母親
1336,oh!mygoose 韓國精品童裝專賣,嬰幼童與母親
1337,AROMAKER BIOTECH 官方授權旗艦店,嬰幼童與母親
1338,威爾人體工學有限公司,嬰幼童與母親
1339,DESDEMONA嬰兒學步鞋,嬰幼童與母親
1340,貝貝母嬰 兒童打底褲 兒童泳衣 兒童長袖 兒童書包 兒童外套 兒童睡衣 女童背心,嬰幼童與母親
1341,🚀IU貝嬰屋_母嬰幼兒百貨商城✨,嬰幼童與母親
1342,EshurFashion批發零售/女童裙子/包屁衣/男童套裝,嬰幼童與母親
1343,阿狸童裝,嬰幼童與母親
1344,ibaby-母嬰用品專賣,嬰幼童與母親
1345,🌞媽咪有你．親子孕哺服飾．UniMommy,嬰幼童與母親
1346,好康市集,嬰幼童與母親
1347,和沐倉庫 ZARCO STORE,嬰幼童與母親
1348,愛伊服飾,嬰幼童與母親
1349,Hape木製玩具,嬰幼童與母親
1350,PK嚴選,嬰幼童與母親
1351,紅彤彤正品童裝店,嬰幼童與母親
1352,Sherry's mama愛購物,嬰幼童與母親
1353,SOQU親子部屋,嬰幼童與母親
1354,奧森童鞋 OSOME,嬰幼童與母親
1355,愛戀小媽咪．孕婦裝,嬰幼童與母親
1356,【i TOY愛玩具】,嬰幼童與母親
1357,愛&小屋,嬰幼童與母親
1358,Malldj親子購物網,嬰幼童與母親
1359,Mombabyfun進口嚴選,嬰幼童與母親
1360,BABY BEAR(本館配合OK超取免費活動),嬰幼童與母親
1361,小妞妞 精品 Niu Niu Maman bébé,嬰幼童與母親
1362,愛寳貝(台灣賣家+現貨,嬰幼童與母親
1363,Baby&Basic B&B 韓國嬰兒用品 官方賣場,嬰幼童與母親
1364,沐伊孕哺MOOIMOM®,嬰幼童與母親
1365,澳洲果寶 Mum To Be & Baby,嬰幼童與母親
1366,Hallmark Babies,嬰幼童與母親
1367,岱森城delsunshop,嬰幼童與母親
1368,JAKO-O德國野酷  全館免運中！,嬰幼童與母親
1369,跳跳英文童書教具社 Jump in English,嬰幼童與母親
1370,ㄚ德俐鼠童書繪本團購網,嬰幼童與母親
1371,映峻企業,嬰幼童與母親
1372,MANTO數字玩樂家 數字油畫 官方旗艦店,嬰幼童與母親
1373,mammyshop 媽咪小站,嬰幼童與母親
1374,親親文化兒童書城,嬰幼童與母親
1375,娃娃購蝦皮商城,嬰幼童與母親
1376,HORACE婦嬰用品專賣店商城,嬰幼童與母親
1377,👑韓國第一品牌童裝👑,嬰幼童與母親
1378,全民婦嬰用品店,嬰幼童與母親
1379,YHY圓好園,嬰幼童與母親
1380,Mamaway 媽媽餵 母嬰品牌領導者,嬰幼童與母親
1381,麗翔親子館,嬰幼童與母親
1382,紫貝殼嬰幼兒精品生活館,嬰幼童與母親
1383,韓國FOLDAWAY城堡圍欄 /  SUNTA頂級EVA - 台灣總代理,嬰幼童與母親
1384,御宣童裝 生活小舖,嬰幼童與母親
1385,WanWorld 婦幼專門店,嬰幼童與母親
1386,LA NOBLE 米寶貝溫泉小舖,嬰幼童與母親
1387,SOLCLEAN,嬰幼童與母親
1388,Beverlykids Taiwan 官方賣場,嬰幼童與母親
1389,ViVibaby,嬰幼童與母親
1390,Nizio 簡單生活/好物計劃,嬰幼童與母親
1391,go67故事家【愛護寶貝的專家】,嬰幼童與母親
1392,特瑞莎女裝，哺乳衣專賣,嬰幼童與母親
1393,baby  shop,嬰幼童與母親
1394,莫克Moek－親子居家質感Shop,嬰幼童與母親
1395,米菲寶貝婦幼館,嬰幼童與母親
1396,艾樂跑官方購物商城,嬰幼童與母親
1397,美國瑪莉莎 Melissa & Doug 官方旗艦店,嬰幼童與母親
1398,美馨兒嬰童館,嬰幼童與母親
1399,小丁婦幼兒童百貨館,嬰幼童與母親
1400,✦Mini Dolly✦中大童母女裝,嬰幼童與母親
1401,寶貝生活小屋,嬰幼童與母親
1402,嘎嘎私房衫 孕嬰用品,嬰幼童與母親
1403,聖荃鞋業-官方旗艦館,嬰幼童與母親
1404,MPL韓國專業母嬰用品,嬰幼童與母親
1405,綠寶貝Greenbaby嬰幼兒精品館,嬰幼童與母親
1406,可可亞菲｜義大利寶貝可可麗 Babycoccole,嬰幼童與母親
1407,時尚孕婦裝,嬰幼童與母親
1408,you.baby 優寶貝親子購物網,嬰幼童與母親
1409,kewpie官方直營店,嬰幼童與母親
1410,Baby Goods ,嬰幼童與母親
1411,ROUROU 童裝,嬰幼童與母親
1412,蘿絲寶貝 Bebenuvo官方商城,嬰幼童與母親
1413,feebees outlet,嬰幼童與母親
1414,GW（Gleoite Wardrobe）可愛衣櫥童裝 ,嬰幼童與母親
1415,Hibou 喜福生活苑,嬰幼童與母親
1416,Playful Toys 頑玩具,嬰幼童與母親
1417,媽咪舖,嬰幼童與母親
1418,米寶★媽咪寶寶母嬰兒童用品館,嬰幼童與母親
1419, 貝樂~BabyLove~,嬰幼童與母親
1420,hughugbaby,嬰幼童與母親
1421,lovin生活館~~新開幕夏季特賣全館8折起*,嬰幼童與母親
1422,Rocking Baby Studio,嬰幼童與母親
1423,Britt Bear 澳洲嬰童洋裝、安撫娃娃品牌｜台灣總代理,嬰幼童與母親
1424,韓國AMOS,嬰幼童與母親
1425,nikokids學步鞋暨嬰幼用品專售,嬰幼童與母親
1426,Babycity娃娃城 官方旗艦店,嬰幼童與母親
1427,"哇哇哇購物網(韓國進口sillymann,台灣出貨)",嬰幼童與母親
1428,MAXPERO PRODUCTS LTD.,嬰幼童與母親
1429,SuperBo,嬰幼童與母親
1430,台灣【AcoMo】育兒好物 FB: acomobaby,嬰幼童與母親
1431,愛瑪星球 Emma Planet,嬰幼童與母親
1432,babybuba Taiwan,嬰幼童與母親
1433,嬰兒草上飛,嬰幼童與母親
1434,FunBrush趣刷_官方帳號,嬰幼童與母親
1435,TOY-童樂城,嬰幼童與母親
1436,Rumble Tuff  母嬰精品館,嬰幼童與母親
1437,HanaBene,嬰幼童與母親
1438,八 號 童 裝,嬰幼童與母親
1439,Pink Pony 0~6歲童裝,嬰幼童與母親
1440,Beckmann TW 直營店~唯一真品~,嬰幼童與母親
1441,小衣秀-日韓童裝,嬰幼童與母親
1442,Baby Organics,嬰幼童與母親
1443,LUV B.,嬰幼童與母親
1444,WonChi 玩劇國際,嬰幼童與母親
1445,J!NX Taiwan,嬰幼童與母親
1446,gogobuys,嬰幼童與母親
1447,華碩文化股份有限公司,嬰幼童與母親
1448,一王美內衣-官方直營,嬰幼童與母親
1449,✨Super媽咪_母嬰生活館💕,嬰幼童與母親
1450,hegen台灣總代理,嬰幼童與母親
1451,安迪先生國際生活館 ,嬰幼童與母親
1452,美國Apple Park,嬰幼童與母親
1453,水娃娃童裝,嬰幼童與母親
1454,巴黎丁美妝-婦幼專館,嬰幼童與母親
1455,大樹健康購物網(大樹藥局線上),嬰幼童與母親
1456,nanababy.tw,嬰幼童與母親
1457,mingyi2017,嬰幼童與母親
1458,colormetoy卡樂米國際,嬰幼童與母親
1459,"食在舒活-DIY月子餐, 月子湯品, 哺乳湯品, 生理餐",嬰幼童與母親
1460,Britax官方旗艦店-1939,嬰幼童與母親
1461,Acer 宏碁官方授權旗艦店,3C
1462,華碩旗艦店,3C
1463,Beats官方旗艦店,3C
1464,好買好物,3C
1465,綠風潮網路商城,3C
1466,eclife良興購物網,3C
1467,強越電腦,3C
1468,羅技網路旗艦店,3C
1469,SADES賽德斯台灣官方旗艦店,3C
1470,生活資訊百貨,3C
1471,東京正宗 tokyomasamune 拍立得專賣店 空白底片,3C
1472,先創線上即時購,3C
1473,三井3C,3C
1474,直豎拇指,3C
1475,PowerSync 群加國際【延長線3C專賣】,3C
1476,DRK 3C,3C
1477,GoPro 台灣品牌店,3C
1478,Lala 3C 筆電電池,3C
1479,U-TA 鴻嘉源通訊科技,3C
1480,Ducky鍵盤-授權經銷商,3C
1481,Lenovo官方旗艦店,3C
1482,SanDisk ,3C
1483,TCELL冠元 官方旗艦店,3C
1484,上新數位科技有限公司,3C
1485,和信嘉數位科技,3C
1486,東菱數位館,3C
1487,數位達人,3C
1488,Beutii,3C
1489,可傑生活館,3C
1490,技嘉授權專賣店,3C
1491,小婷電腦,3C
1492,Nikon 總代理《國祥貿易》特約經銷商,3C
1493,德寶光學數位影音,3C
1494,紐頓e世界,3C
1495,i-rocks艾芮克網路旗艦店,3C
1496,浩昇科技,3C
1497,奇茂科技 全館含稅開發票享完整保固,3C
1498,NB人氣王,3C
1499,TT.com,3C
1500,阿義電腦(義展科技) ,3C
1501,數位宅急購,3C
1502,EZstick 3C商品保護賣場,3C
1503,閃物 SHINYGOODS 全館滿2000折200,3C
1504,大通時尚數位家電,3C
1505,數位小兔 攝影器材批發零售,3C
1506,樂魔派LOMOPIE_拍立得相機_LOMO相機_底片周邊_日本商品代購,3C
1507,SL 3C數位生活館,3C
1508,浤林電腦,3C
1509,e印俱全-epshop,3C
1510,PLIT 普利特 / 印表機 / 碳粉匣 / 墨水匣,3C
1511,Woori 3c | 監視器 智慧穿戴、iPhone周邊、小米手環,3C
1512,4P四保科技,3C
1513,igogosport,3C
1514,PC-BOX,3C
1515,潮流左岸,3C
1516,菲林因斯特~拍立得/相機配件/迪士尼專賣~,3C
1517,"德寶資訊網路商城(國揚門市部,光華商場2F60室)",3C
1518,超犀利賣場(9月關注聊聊送折扣碼.滿1899元7-11免運費),3C
1519,Grace PC 恩典電腦,3C
1520,華崴印表機墨水耗材,3C
1521,羅森資訊,3C
1522,GreenON橘能,3C
1523,金士頓HyperX授權經銷商-河馬購物,3C
1524,TOPlay聽不累耳機,3C
1525,小咖龍賣場,3C
1526,PCHot線上購物 實體門市 安心購買,3C
1527,唯蓁網,3C
1528,VION威訊數位科技(士林電機-安防專業特販商),3C
1529,酷購Cutego,3C
1530,happyfinger.keyboard,3C
1531,怡禾生活 eaher.life,3C
1532,【Brother兄弟OA】,3C
1533,SHINE AWAY 相機周邊 & 3C配件,3C
1534,我愛買@攝影配件週邊,3C
1535,Artgogo,3C
1536,atob SHOP - 創意生活,3C
1537,econtrol 易控王,3C
1538,又敗家@攝影3C週邊/五金美工用具,3C
1539,數位小品📸,3C
1540,▼滿千送7-11禮卷▼曜德視聽,3C
1541,飛兒手機配件專賣店,3C
1542,MAHA-POWEREX,3C
1543,🏆樺仔二手電腦🏆樺仔開學季★憑學生證好禮免費送★遊戲主機筆電熱賣中,3C
1544,綠洲數位,3C
1545,Lenovo 聯想官方授權專賣店,3C
1546,祥昌電子,3C
1547,DinDinlove訂訂樂,3C
1548,AERY專業繪圖板,3C
1549,Seehot_3C 嘻哈部落科技🤟🤟🤟全館皆現貨,3C
1550,攝計視界,3C
1551,Dr.AV 生活館,3C
1552,BestCart暢貨中心-家電館,3C
1553,大元國際洋行 - 老字號相機 鏡頭專賣店,3C
1554,HIGHDER,3C
1555,藍海小舖旗艦館,3C
1556,風雅小舖,3C
1557,Shami 蝦米旗艦店,3C
1558,【艾米嚴選】3C 蘋果配件 藍芽耳機 電競鍵盤 科學玩具 模型公仔,3C
1559,薪創數位【台中NOVA 202櫃位】,3C
1560,e-Kit,3C
1561,傑能數位,3C
1562,硬派精璽,3C
1563,圖怡創意官方商城(TUNAI Creative),3C
1564,良威商城3C數位購物網,3C
1565,錢進資訊,3C
1566,欣洋電子生活館,3C
1567,個性潮牌3C館,3C
1568,NiSi / 川風堂 官方旗艦商城,3C
1569,【☀南屯手機王】,3C
1570,新風尚潮流,3C
1571,無敵翻譯機,3C
1572,創想科技,3C
1573,鯉魚鄉3C商城,3C
1574,享樂攝影商城,3C
1575,神雁戶外,3C
1576,瘦皮猴玩3C ,3C
1577,電子超商,3C
1578, 世鈞 科技,3C
1579,94SHOP就是愛購物,3C
1580,無敵兔{過年不打烊~照常營業出貨唷~}彰化市攝影器材、彰化市登山露營用品、彰化市寵物配件、彰化市寵物窩、彰化市用動用品、彰化市護膝、彰化市汽車用品,3C
1581,誠選良品iPhone專賣/維修-全3C免卡分期,3C
1582,WL數碼達人,3C
1583,數配樂3C配件館,3C
1584,TEKQ,3C
1585,春成數位,3C
1586,微星授權專賣店,3C
1587,樹旺電腦　（地瓜球＠超頻小窩）,3C
1588,QNAP Qutlet 暢貨中心,3C
1589,總物簇的總務處,3C
1590,i2 store**,3C
1591,Feng3C 電競購物網,3C
1592,華宏國際,3C
1593,YUDA悠達集團-日立 禾聯 萬士益 冷氣家電專賣 YUDA平板電腦 3C商品,3C
1594,【TREX霸王龍】 數碼科技 - 辦公室用品・墨水匣、碳粉匣、標籤帶,3C
1595,12號3C當舖 (監視器 攝影機 針孔 偷拍 ),3C
1596,HP 官方商城,3C
1597,Brother 官方授權商城,3C
1598,TekRepublic 科技共和國,3C
1599,【94號鋪】3C週邊及生活用品專賣,3C
1600,欣亞排排購 Sinya 數位3C,3C
1601,Kamera 佳美能科技,3C
1602,INKU-鑫德科技 專營手機配件、印表機、墨水匣、碳粉匣、手機線,3C
1603,3DPRT-MAKER創客專賣店,3C
1604,PLAY3C,3C
1605,來去購印表機周邊耗材專館,3C
1606,Canon 佳能官方商城,3C
1607,魔耳科技,3C
1608,光華購3C,3C
1609,滿滿市集 優質好物,3C
1610,鼎立資訊-Since 2003 運動休閒 流行3c 家用百貨 批發團購,3C
1611,柏森大賣家,3C
1612,禾芽科技,3C
1613,ikanolife宜卡逽生活工坊,3C
1614,QQC TAIWAN,3C
1615,普雷兒3c,3C
1616,崑碁電腦(提供各品牌筆電),3C
1617,Noda's Design Taiwan,3C
1618,和芯數位,3C
1619,買家大優購　　　　　　　,3C
1620,BenQ Taiwan,3C
1621,詮力科技ITE2 NAS,3C
1622,Gooten 好物家電,3C
1623,亞瑞科技,3C
1624,JOBY 商城,3C
1625,彰化市攝影器材行-相機配件/彰化自取攝影器材<相機包/腳架/自拍桿/手機夾/鏡頭蓋遮光罩機身蓋背帶腕帶遙控器快門線電池充電器熱靴水平儀閃光燈反光板內膽包吹球鏡頭,3C
1626,Polaroid 寶麗來總代理《國祥貿易》特約經銷商,3C
1627,【U23c】 任天堂 Switch 主機專賣店 嘉義,3C
1628,㊣ESET防毒軟體 // NO Monday 時尚錶 // 小克聾貓㊣台灣官方總代理,3C
1629,TOTOLINK專業網通、分享器,3C
1630,Pioneer 先鋒行動館,3C
1631,PC PARTY 電競週邊專家 實體門市 安心購物,3C
1632,KWorld 廣寰電競3C館,3C
1633,【台中宏晉】平價3C市集,3C
1634,新軟系統,3C
1635,AKiTiO艾客優品 官方直營店,3C
1636,ANACOMDA 巨蟒,3C
1637,WitsPer 智選家 - 智選全球科技潮品,3C
1638,Lala 3C 筆電電池,3C
1639,達利 Direct,3C
1640,IDCOM│艾達康國際,3C
1641,TOPMORE達墨精品3C-官方唯一賣場,3C
1642,fuhon 鍵盤膜 螢幕貼 專賣店,3C
1643,德國佩銳Perixx_台灣旗艦店,3C
1644,鴻邁國際,3C
1645,飛登科技◄►PHILDOM,3C
1646,鴻協資訊耗材商城,3C
1647,百軨數位-專營聲寶監控✭行車記錄器✭車用電子✭3C,3C
1648,宅電通數位科技,3C
1649,Plustek_普拉斯鐵克原廠直營直送,3C
1650,【日本巧鋪】 微型攝影機 行動電源 療癒小物 市內電話 手機配件,3C
1651,uSmartBuy聰明買,3C
1652,百諾旗艦館,3C
1653,華克電腦,3C
1654,3C玩很大,3C
1655,昊橙3C,3C
1656,極光生活總代理官方賣場,3C
1657,welledshop,3C
1658,DODOSHOP168-相機/單眼/攝影機,3C
1659,光華易勝數位,3C
1660,羅技網路旗艦店,3C
1661,Bearboss collection 熊老闆 精選 好東西,3C
1662,Home8美式雲端保全,3C
1663,Rimtai Radio 潤泰無線通訊,3C
1664,tamio臺灣塔米歐官方旗艦店,3C
1665,3M 防窺片/保護貼官方商城,3C
1666,Lowepro 商城,3C
1667,Future Lab. 未來實驗室,3C
1668,FOSCAM 品牌館,3C
1669,3C生活助手 - MAXRO,3C
1670,Xuan Dong Store,3C
1671,Jonsbo喬思伯台灣官方旗艦店,3C
1672,相機世界,3C
1673,iei_eshop,3C
1674,每家比超商，含稅電子發票,3C
1675,德源電腦,3C
1676,明磊科技生活,3C
1677,記憶卡教主,3C
1678,RICOH 理光官方授權經銷,3C
1679,姊妹小舖監視器攝影機HDMI批發,3C
1680,XFX訊景台灣官方旗艦店,3C
1681,露意絲 弱電監控周邊設備小舖,3C
1682,一號倉庫店,3C
1683,HP商用館,3C
1684,EPSON 官方授權經銷,3C
1685,AMD 官方授權經銷商,3C
1686,pos機.電子發票.出單紙 大熱銷-DonNet,3C
1687,極速馬赫,3C
1688,Full Power,3C
1689,AI Life Mall,3C
1690,鑫創3C,3C
1691,立恆數位 Liheng,3C
1692,ChangingTec 全景軟體,3C
1693,iFace 艾菲斯,3C
1694,Y&E數位藍芽館,3C
1695,新緹網路科技有限公司,3C
1696,SOOCOO 秀酷     運動相機 專營店 ( 我愛我家),3C
1697,Think2商城,3C
1698,trustwell neotechnology,3C
1699,JIHEE績和實業,3C
1700,美洛克工業股份有限公司－KINGSSEL 3D 列印機,3C
1701,B+W濾鏡官方旗艦店,3C
1702,京獅e購讚,3C
1703,Winpeak唯峰好物,3C
1704,HyperX授權經銷店 友藝3C,3C
1705,archgon官方直營旗艦店,3C
1706,U Mall,3C
1707,零果小舖,3C
1708,GOLiFE品牌旗艦館,3C
1709,Shield神盾安控,3C
1710,💝JASMINE💕3C配件周邊配件💕薄利多銷永續經營💝,3C
1711,Daysgo添天購,3C
1712,瑪爾斯創意科技,3C
1713,兆永 MegaStream 購物網,3C
1714,IDEEE STUDIO,3C
1715,SUNBOX慧光展業,3C
1716,正航一號客服中心,3C
1717,Matter Lab 官方,3C
1718,廣穎科技,3C
1719,KamLan Taiwan,3C
1720,達信邦科技數位商城,3C
1721,紅橘子投影百貨,3C
1722,3C Planet,3C
1723,2魔攝影,3C
1724,Elgato Gaming 官方旗艦店,3C
1725,艾司豆3C生活精品,3C
1726,VILUS 樂維科技,3C
1727,彩虹3c 電腦資訊廣場,3C
1728,edrytaiwan【防潮家官方旗鑑】,3C
1729,數位聚落股份有限公司,3C
1730,光光3C流行館,3C
1731,就是愛拍 (WEEVIEW 官方購物中心),3C
1732,SVIP宙盟視覺影像專家,3C
1733,捷盟創新 SENA Taiwan,3C
1734,InfoThink｜訊想科技官方旗艦店,3C
1735,EDIFIER 台灣官方旗艦商城,3C
1736,E-books 3C生活館,3C
1737,GREENBANK 綠銀科技官方專賣店,3C
1738,獻上尊榮 ！十五天鑑賞期不滿意無條件退貨,3C
1739,abawlai,3C
1740,KS優品-愷翔網路商城,3C
1741,My市集,3C
1742,酷BEE了 數位相機/空拍機/自拍神器/攝影機/攝影器材專賣,3C
1743,【官方】EZVIZ螢石智能生活,3C
1744,。高士事務機器。9/1~9/3折價卷KOJIKOJI享9折(全館開發票),3C
1745,斯麥爾3c☺手機 平板 保護殼 皮套 保護周邊,3C
1746,【amber 】線材配件寶物館,3C
1747,📸數位NO1 攝影器材專賣店,3C
1748,皇家黑桃,3C
1749,鏡頭玩家,3C
1750,PGA-iJacket,3C
1751,誠選良品iSelect,3C
1752,太空人商店(iphone隨身碟專賣店 / 3C產品與手機週邊配件),3C
1753,勤致國際,3C
1754,hanlin330,3C
1755,卡麥拉商店 #相機包 腳架 攝影棚,3C
1756,電池專家,3C
1757,秉鑫電腦,3C
1758,音樂趨勢官方直營旗艦店,3C
1759,富士品牌館,3C
1760,JM-Plus 加煒電子 耳機專賣店,3C
1761,3C周邊配件專賣,3C
1762,Shrimps0818,3C
1763,無賴小舖 監視器 智慧手環 喇叭 耳機,3C
1764,PRINCO Watch 官方旗艦店,3C
1765,yuandan_store,3C
1766,熊秀3C商城,3C
1767,台灣GP電池授權直營店,3C
1768,└3C館長┤,3C
1769,瘋3C☆手機/電腦週邊專賣店★,3C
1770,殼子實驗室(手機周邊選品專業配件，好殼裝進你心裡),3C
1771,指標通訊,3C
1772,CASESSI 購物,3C
1773,Taiwan Carol,3C
1774,command_a,3C
1775,活力小G賣場 專售明星代言家電及各類精品手機周邊配件,3C
1776,AEROTECH群曜國際,3C
1777,BestCart暢貨中心-3C館,3C
1778,Gogoacme,3C
1779,艾樂芬 商城分店,3C
1780,安博 X 電視盒嚴選 (安博盒子PRO、易播盒子EVPAD、大魚盒子LingcodTV 、 FUVTV),3C
1781,惡魔3C,3C
1782,AZIO 原廠官方授權 旗艦館,3C
1783,SHA.HEN.DA.3C,3C
1784,SpotCam 真雲端智慧監控,3C
1785,高雄港都網通,3C
1786,17GO5【一起購物】,3C
1787,KING Store,3C
1788,MobileAD | 互動式雲端整合運用商,3C
1789,隔壁鄰居x3C數位館,3C
1790,Kingsman金士曼商城,3C
1791,日本TDK耳機旗艦店,3C
1792,好物3C網,3C
1793,改裝軍團 (光華及三峽),3C
1794,Skywatch 行品股份有限公司,3C
1795,CORSAIR 官方授權旗艦店,3C
1796,A4 Bloody&A4 TECH .TW_官方旗艦專館,3C
1797,My sound 滿三得,3C
1798,NiceShop,3C
1799,恆星3C,3C
1800,女神數位🎀E計劃 嫉妒我 俏妃糖 白色密碼 纖淨酵素 熬夜霜 bvcr代謝錠,3C
1801,富智通訊科技 監視器 攝影機 轉接頭 掛燙機 清洗機,3C
1802,雷蛇 RAZER 官方授權旗艦店,3C
1803,youpin shop,3C
1804,初音國際3D列印 First Voice 3D,3C
1805,愛go- 專賣3C相關/gopro配件/相機包/攝影棚/棚燈/燈架/直播,3C
1806,Maktar口袋相簿/備份豆腐品牌官方旗艦店 ,3C
1807,濱氏相機,3C
1808,映象商城,3C
1809,超岳電腦3C,3C
1810,AUKEY 官方旗艦店,3C
1811,flyingV 旗艦商城,3C
1812,SADES賽德斯電競戰隊軍工廠(指定周邊),3C
1813,【Buy序號】找我買序號~,3C
1814,CELIA & PERAH 希利亞 官方旗艦店,3C
1815,傳達國際有限公司,3C
1816,Jabra官方旗艦店,3C
1817,PQS Store,3C
1818,Buy3c奇展筆記型電腦專賣,3C
1819, 玖盈科技網路商店 👊,3C
1820,XFastest 嚴選商城,3C
1821,太星旗艦店,3C
1822,藍芽喇叭,3C
1823,easternrich,3C
1824,LA大叔海邊的3C小店,3C
1825,four3c,3C
1826,Suunto 官方旗艦館,3C
1827,晉吉國際,3C
1828,Westone威士頓官方授權旗艦店,3C
1829,映崴科技有限公司,3C
1830,X-mini 台灣官方,3C
1831,Click&Buy,3C
1832,崴立科技股份有限公司,3C
1833,兔機子無線店專賣舖,3C
1834,SJCAM /MPCAM  臺灣唯一專門店,3C
1835,ThinkPad專賣店,3C
1836,SP廣穎電通 官方旗艦店,3C
1837,LEXMA TAIWAN網路旗艦店,3C
1838,D.L小舖 手機配件 智慧手環 監視器 喇叭,3C
1839,十銓科技 TEAMGROUP Inc.,3C
1840,VAIO筆記型電腦,3C
1841,Canon官方旗艦店 (Young體驗館),3C
1842,IDI商城,3C
1843,iB 倫沁選物專門店,3C
1844,威震3C商城,3C
1845,台灣博聯智慧整合,3C
1846,velbon,3C
1847,《檳二小舖》,3C
1848,Tribe Taiwan 官方旗艦店,3C
1849,舒潔/靠得住/好奇-金百利官方商城,居家生活
1850,戀家小舖★網路寢具第一品牌,居家生活
1851,美國康寧旗艦館,居家生活
1852,Glasslock 強化玻璃保鮮盒,居家生活
1853,五月花/得意/柔情/橘子工坊/植淨美-官方旗艦店,居家生活
1854,A-nice雅妮詩寢具【保潔墊 純棉床包 天絲床包 蚊帳 竹蓆 麻將蓆 枕套】工廠直營MIT,居家生活
1855,PureOne ☻商城賣家 超商滿299運費半價 ❤床包/浴巾/居家用品優惠中❤,居家生活
1856,Casa n'more 美學生活 ,居家生活
1857,花仙子官方商城,居家生活
1858,鍋寶 cookpower -官方商城,居家生活
1859,HOYACASA 禾雅寢具,居家生活
1860,完美主義居家生活館,居家生活
1861,翔仔居家 SIANGAPATO,居家生活
1862,固鋼精品鍋具,居家生活
1863,元寶Mall,居家生活
1864,H&D東稻家居,居家生活
1865,dayneeds 收納生活館,居家生活
1866,棉床本舖 ,居家生活
1867,Joseph Joseph 英國創意設計餐廚【品牌店】,居家生活
1868,台灣妙管家,居家生活
1869,【賣貴請告知】,居家生活
1870,obis 歐必斯國際家居,居家生活
1871,Nicegoods 生活好東西,居家生活
1872,象印膳魔師牛頭牌斑馬牌理想牌三光牌樂扣glasslock水壺316便當盒都有販售,居家生活
1873,UHO優活居家,居家生活
1874,艾拉寢飾,居家生活
1875,宜家寶,居家生活
1876,My Color,居家生活
1877,約翰家庭百貨,居家生活
1878,英瑞杰生活日用品旗艦館,居家生活
1879,雙寶居家保健生活館,居家生活
1880,RICHOME生活家居,居家生活
1881,收納女王,居家生活
1882,Artis雅緹絲寢具,居家生活
1883,百貨通,居家生活
1884,Norns,居家生活
1885,Mina百貨(全店現貨-台灣發貨) 全店88折,居家生活
1886,珠友文化事業有限公司,居家生活
1887,蒐藏家collector,居家生活
1888,九元生活百貨,居家生活
1889,Claire Casa 生活百貨 ❤ 超取滿299運費半價，滿888元宅配免運✿✿❤,居家生活
1890,【 LoveCity 寢城之戀】居家寢具旗艦館,居家生活
1891,米菈生活館,居家生活
1892,CERES席瑞絲批發團購,居家生活
1893,♚Luna Vita露娜薇塔 寢具生活館♚,居家生活
1894,🐻沒來過熊大碗，別說你最大碗-🆘全館免運中,居家生活
1895,Assari 免組裝家具【床架/沙發/獨立筒床墊/床墊/鞋櫃/衣櫥】,居家生活
1896,R.Q. POLO 寢飾家居館,居家生活
1897,E&J 居家生活館,居家生活
1898,理想‧PERFECT -不鏽鋼餐廚館,居家生活
1899,宏遠百貨 - 炊蛋器 紙手錶 熱賣中,居家生活
1900,Moosy Life 目喜生活 ✖ 美妝收納 飾品收納 化妝品收納 壓克力收納,居家生活
1901,【官方直營】木酢達人,居家生活
1902,JOLIN久林批發商城旗艦店 ,居家生活
1903,筆坊,居家生活
1904,[Stat]史代新(奇奇文具),居家生活
1905,JL精品工坊日系居家美學,居家生活
1906,威叔叔 百貨城堡,居家生活
1907,【FL生活+】全館現貨販售,居家生活
1908,駿隴 CHL 日系質感文具小物 Stationery & Goods,居家生活
1909,Ansonbuy 言成商貿,居家生活
1910,生活工場 WORKINGHOUSE,居家生活
1911,Homelife Jr.,居家生活
1912,AGO購物商城,居家生活
1913,Good Go 好好買,居家生活
1914,多瓦娜家居,居家生活
1915,傑米會社🏆399免運 乾燥花卡片 環保餐具 拍照道具 手帳貼紙便利貼 無痕收納,居家生活
1916,U-mop 手壓式旋轉拖把｜MIT台灣製、通用型拖把,居家生活
1917,百嘉美居家生活有限公司,居家生活
1918,喵屋 溫馨小舖 文具居家zakka 鋼筆 紙膠帶 墨水,居家生活
1919,大田倉旗艦店,居家生活
1920,i-style居家生活創意百貨,居家生活
1921,【Imuse愛米詩居家寢飾】,居家生活
1922,愛莎家居生活館,居家生活
1923,buy.the.way ,居家生活
1924,快樂生活網,居家生活
1925,Life365居家收納.旅行收納包.收納盒.團購批發網,居家生活
1926,宅美學居家寢飾,居家生活
1927,郵購俗,居家生活
1928,西思特★創意壁貼牆貼★旅行收納包袋★飾品小物★生活雜貨★,居家生活
1929,文具不受控,居家生活
1930,Yostyle家居,居家生活
1931,日光生活館,居家生活
1932,VIREO LIFE,居家生活
1933,小福部屋（提供全店保固、電子發票）,居家生活
1934,床墊 和室椅 沙發床 單人 床架  雙人 全館免運 KOTAS,居家生活
1935,永昌文具用品有限公司,居家生活
1936,菲美飾裝飾工坊 FMZ,居家生活
1937,HOMEDOCK生活百貨,居家生活
1938,必購網電子商務有限公司,居家生活
1939,微醺時光,居家生活
1940,易速購,居家生活
1941,佛你企業,居家生活
1942,歐洲之家 Awesome House,居家生活
1943,斯瑪鋒數位,居家生活
1944,House Dream,居家生活
1945,Cat.Queen貓女王,居家生活
1946,momo時尚館,居家生活
1947,台北潮流館,居家生活
1948,溫馨時刻1/3 居家寢飾,居家生活
1949,日光城網路商店 sunlightcity,居家生活
1950,良月家居,居家生活
1951,奇威居家生活館,居家生活
1952,JEmarble鎮一大理石家庭用品,居家生活
1953,FayBuy 非買不可,居家生活
1954,C&B理由屋日式良品家具館,居家生活
1955,✦歐妮小舖✦旅行收納/居家生活百貨/日韓美妝,居家生活
1956,好買居家生活百貨,居家生活
1957,防蚊門簾 遮光窗簾專賣 小銅板愛居家   掛布/掛毯/床包,居家生活
1958,艾克思 居家生活館,居家生活
1959,有家生活館,居家生活
1960,Anders生活雜貨屋,居家生活
1961,愛購shop購物商城,居家生活
1962,babailiang 八佰兩時尚生活館,居家生活
1963,拾玖巷弄 zakka居家雜貨-官方旗艦館,居家生活
1964,HiCHEF_掌廚鍋具,居家生活
1965,【銅板雜貨舖】現貨&誠意服務,居家生活
1966,BO雜貨,居家生活
1967,[la vie]生活行家官方旗艦店,居家生活
1968,生活Go簡單,居家生活
1969,THELIFE樂生活,居家生活
1970,Loxin居家收納精品,居家生活
1971,Green Life,居家生活
1972,居家cheaper鐵架收納館,居家生活
1973,戀上您的床 居家寢具【旗艦館】,居家生活
1974,舒克清Superclean(原廠直營) ,居家生活
1975,達益購 居家/SOTO戶外用品專家,居家生活
1976,沐眠家居│專櫃級品牌寢具,居家生活
1977,納唯詩精油,居家生活
1978,E生活 蚊帳 鞋櫃 衣架 雨衣 雨傘,居家生活
1979,【橘果設計】壁貼 壁紙 相框牆 門簾窗簾 專賣店,居家生活
1980,CookingStar,居家生活
1981,淨毒五郎 chefclean,居家生活
1982,皮夾 皮包 阿寶便利店,居家生活
1983,凱堡家居生活館,居家生活
1984,5IP8居家生活館-全館現貨,居家生活
1985,Silvia席薇亞 家居小物官方旗艦館,居家生活
1986,Hi! Pepper!胡椒選物,居家生活
1987,this-this雜貨研究所(垃圾桶/收納箱/餐廚收納),居家生活
1988,美國 VitaCraft 唯他鍋,居家生活
1989,易立家生活館-舒適家企業社,居家生活
1990,聯合利華官方旗艦店,居家生活
1991,聯合利華官方旗艦店,居家生活
1992,軍威商城 Ez - Light  ,居家生活
1993,生活采家,居家生活
1994,GXG生活家具 電腦椅電動床兒童書桌成長椅電競椅雙背椅枕頭床墊,居家生活
1995,USERWATS  夾燈旗艦店,居家生活
1996,歐德家+,居家生活
1997,旭創光電sunnine,居家生活
1998,奈森克林官方旗艦館 牙線棒/濕紙巾/凡士林/濕巾,居家生活
1999,旺代居家精品旗艦商城,居家生活
2000,愛生活居家館,居家生活
2001,米鹿家居 METER DEER,居家生活
2002,福培居家設計館,居家生活
2003,APEX嚴選商城館,居家生活
2004,Kosney 合麗寢具專賣店,居家生活
2005,時光寶盒,居家生活
2006,KGH 男包 官方旗艦店,居家生活
2007,非買BOOK,居家生活
2008,Asllie 艾室宜家居館,居家生活
2009,萬事OK生活市集,居家生活
2010,香閣-擴香儀、香薰機、加濕器、水溶性精油、精油、香薰專賣,居家生活
2011,i-Fine艾芳居家寢具 ◆MIT精梳純棉專賣◆全館免運~,居家生活
2012,大山淨水生活館,居家生活
2013,次綠康防疫產品專賣店,居家生活
2014,DUYAN竹漾寢具,居家生活
2015,揪買GO生活館,居家生活
2016,eyah宜雅寢具美學,居家生活
2017,筆店pens_store,居家生活
2018,鴻宇寢飾 美國棉授權品牌,居家生活
2019,木奇傢俱 MooKi（辦公椅子 電腦椅 電競椅 兒童書桌椅會議椅 主管椅 躺椅）,居家生活
2020,HouseFactory 家工廠- 歡迎批發大量採購可洽談,居家生活
2021,丹露 DanRo,居家生活
2022,金昱科技生活館,居家生活
2023,Art小舖,居家生活
2024,【大威寶龍】多功能滑鼠墊 無痕春聯、囍字 相框  系列專賣店,居家生活
2025,shopping168,居家生活
2026,CARMO園藝旗艦商城｜多肉植物&微景觀&居家裝飾,居家生活
2027,~all.castles~,居家生活
2028,好神購物,居家生活
2029,★ 易利裝生活五金 ★ 居家五金DIY修繕、裝潢、家居收納,居家生活
2030,•爆賣公社•居家生活x玩教具專賣,居家生活
2031,生活博士 台灣館,居家生活
2032,新生活家-安全無毒兒童巧拼地墊,居家生活
2033,伊尚厚生活美學,居家生活
2034,JK急速配,居家生活
2035,好貨市集🧡,居家生活
2036,🌺護立康生活館🏵善念設計  用心守護您的健康,居家生活
2037,【Magic Space】波浪架、鐵架、置物架、推車、DIY家具…專業賣場銷售,居家生活
2038,檸淨森機 Nijing,居家生活
2039,7Nice家居生活用品館,居家生活
2040,【CareShe 可而喜】美麗生活館,居家生活
2041,Shih Shop,居家生活
2042,旭傑工作坊 希爾思 希爾斯 Hills 處方飼料專賣,居家生活
2043,瘋好物,居家生活
2044,川泰淨水,居家生活
2045,優勝美地,居家生活
2046,Morpheus 莫菲思居家生活館,居家生活
2047,家而適無痕收納生活館,居家生活
2048,牛頭牌炊具,居家生活
2049,New Idea 生活提案！ ( 東門站 ) ,居家生活
2050,光舍SunLED,居家生活
2051,"俊秀生活家-行,立,坐,臥",居家生活
2052,美心 MASIONS,居家生活
2053,豪品手套專賣,居家生活
2054,Betrise/Foca 立新寢具生活館,居家生活
2055,Select ONE舒適家居,居家生活
2056,Kino Zakka烘焙材料製造所,居家生活
2057,ikloo 宜酷屋,居家生活
2058,賣威生活,居家生活
2059,好神拖官方旗艦店,居家生活
2060,立大館,居家生活
2061,火山口volcano,居家生活
2062,KULI購,居家生活
2063,阿志小舖-日本進口居家生活館,居家生活
2064,真空包裝專家,居家生活
2065,宅這買 Home Buy,居家生活
2066,法國FORUOR官方旗艦店,居家生活
2067,甜手手烘焙用品,居家生活
2068,尚優家居- DIY家具,居家生活
2069,希翠斯精油 CITRUS ESSENTIAL OIL,居家生活
2070,Amor casa 愛x家居 NO.2,居家生活
2071,蜂巢Honey Comb,居家生活
2072,米琪家飾,居家生活
2073,暖暖寢飾（暖暖咻咻）床包 保潔墊 涼被 被套 兩用被 天絲 純棉,居家生活
2074,鐵架王/鐵架商城/置物架/收納架LINE HOMES,居家生活
2075,愛噪咖餐廚,居家生活
2076,大順豐寢具 台中實體門市,居家生活
2077,心安購物【全館開發票299免運輸入折扣碼3折起】,居家生活
2078,必翔銀髮樂活館,居家生活
2079,cookiihome．合器家居餐具,居家生活
2080,小 徑 文 房 具,居家生活
2081,極淨 ,居家生活
2082,楽舖子 LAPUZ,居家生活
2083,京廚Life配-家的購物中心,居家生活
2084,名風,居家生活
2085,taialice.cheng,居家生活
2086,《EasyHome居家逸品生活館》,居家生活
2087,MyKidsPlace,居家生活
2088,yh shop,居家生活
2089,都會市集  Urban Bazaar ,居家生活
2090,怡慶-『室翲香』,居家生活
2091,樂嫚妮,居家生活
2092,LUST生活寢具,居家生活
2093,琦藝烘焙x學廚,居家生活
2094,小麥購物,居家生活
2095,W照明┃專售LED產品 • LED燈管 • LED崁燈 • 客製化LED燈具,居家生活
2096,宇諾精品家飾,居家生活
2097,ifeelgoods,居家生活
2098,iGagu艾傢俱生活家,居家生活
2099,台灣犀利趴,居家生活
2100,YKS沙發\家具居家販售中心,居家生活
2101,BONBONS 文具精品館,居家生活
2102,Bo Bonny 啵啵妮小姐,居家生活
2103,ETC.living 極簡原竹美學工藝筷,居家生活
2104,快樂馬,居家生活
2105,333家居鞋館-拖鞋專賣店,居家生活
2106,AGAPE亞加．貝,居家生活
2107,新元素,居家生活
2108,【WY-Life】生活嚴選 (3C周邊、生活用品、內衣服飾),居家生活
2109,舒樂活 4Health,居家生活
2110,玖肆捌,居家生活
2111,NO2 好好買,居家生活
2112,ENJOY101環保矽膠布墊,居家生活
2113,KSHIELD,居家生活
2114,德克生活,居家生活
2115,Hampton漢妮家居,居家生活
2116,✨ 享夢城堡 ✨ DreamCastle✨,居家生活
2117,MH家居嚴選,居家生活
2118,好紳架多功折疊護衣架官方商城,居家生活
2119,American shop,居家生活
2120,臻品小舖Smart winner,居家生活
2121,隨身咖啡館,居家生活
2122,清潔日用量販館,居家生活
2123,星響創意Starring,居家生活
2124,fioJa 費歐家 壁紙 玻璃貼 安心購生活館,居家生活
2125,美美食韓國團購-Cocodor/舒摩兒/咖啡/TIGI/帕瑪氏/女內褲,居家生活
2126,JOY 喬伊寢飾生活館,居家生活
2127,夏綠蒂日貨精品生活館,居家生活
2128,REIYU創意生活館,居家生活
2129,大洋電子,居家生活
2130,Flambo富蘭鍋 | 蝦皮官方商城,居家生活
2131,熊好貼無痕掛勾,居家生活
2132,▌瘋狂市集▌,居家生活
2133,蓁智居家生活館 ~~,居家生活
2134,Chic Casa 奇可家居 友善環境 / 風格選物,居家生活
2135,簡單樂活DIY組合家具,居家生活
2136,椅子專科,居家生活
2137,日本LEC,居家生活
2138,滾動幸福PU輪,居家生活
2139,嘉義在地人嚴選生活家居美食/好物,居家生活
2140,御賞好室 Royal Room,居家生活
2141,Shark Tank Taiwan 歐美時尚生活網,居家生活
2142,🔥廚藝日本鍋具館🔥,居家生活
2143,【魔力家居】創意居家生活館,居家生活
2144,三麗精品館★臺灣總代理,居家生活
2145,Seiga 飾家,居家生活
2146,智優利 ® 生活百貨賣場,居家生活
2147,一生流行館,居家生活
2148,喨晶晶shopping mall,居家生活
2149,99免運 mt100%洗鞋神器.洗包包.洗鞋子.清洗鞋子.清洗包包,居家生活
2150,韋恩寢具行,居家生活
2151,mininch官方旗艦館,居家生活
2152,B殿無名小坊,居家生活
2153, 超聯捷文具禮贈品批發網,居家生活
2154,ACCESS LIVING,居家生活
2155,凱西生活 cathyhomes,居家生活
2156,哎喔生活雜良 - 將優質生活宅配到家,居家生活
2157,慢生活館,居家生活
2158,TriV 生活選物,居家生活
2159,Simple Living 簡單生活,居家生活
2160,【WeiYi 禮品‧贈品 批發中心】,居家生活
2161,【MIGO SHOP】,居家生活
2162,福爾摩斯病蟲害防治  專業藥局 1,居家生活
2163,IHouse 愛屋家具,居家生活
2164,快樂馬別館,居家生活
2165,DaCore,居家生活
2166,e樂團購網,居家生活
2167,芮菲客rarefatto 精品筆,居家生活
2168,idea-dozen 創意達人,居家生活
2169,葉朵設計 YEDUO DESIGN,居家生活
2170,倍潔雅/唯潔雅/優活─金盛世紙業(原廠直營),居家生活
2171,寶采田清潔品,居家生活
2172,ELESIS愛莉希絲 生活館,居家生活
2173,沐光衛浴馬桶專營店,居家生活
2174,711 棲食衣,居家生活
2175,♕蟻_后 生活百貨,居家生活
2176,伯馬創意生活,居家生活
2177,機械堂KiKAiTO高效能專業電動工具,居家生活
2178,華堂光學-放大鏡 望遠鏡 顯微鏡專門店,居家生活
2179,3C戰國新世代,居家生活
2180,旅人筆房 | 設計文具.質感私物,居家生活
2181,藝匠居家生活館,居家生活
2182,購好家&GO好家-居家生活網,居家生活
2183,【HOME WORKING 居家生活館】中秋連假暫停出貨~,居家生活
2184,C’est Chic潮傢俬,居家生活
2185,Zakka雜貨網-9/20~9/26暫停出貨,居家生活
2186,宅小妹,居家生活
2187,Oxygen奧世潔健康生活館,居家生活
2188,集佳廚房家電生活館(德國百靈  BRAUN 專賣店),居家生活
2189,時代旗艦店,居家生活
2190,小日常寢居｜良物供應。( 床包 枕頭 棉被 被套 毯子 法蘭絨 ),居家生活
2191,現代商城,居家生活
2192,老澤源生活館,居家生活
2193,茶籽堂,居家生活
2194,福貓大聚惠,居家生活
2195,天將生活百貨,居家生活
2196,光伸居家生活館,居家生活
2197,【我們網路購物商城】**現貨在台灣**,居家生活
2198,茶籽堂,居家生活
2199,伯馬創意生活,居家生活
2200,機械堂KiKAiTO高效能專業電動工具,居家生活
2201,2H 傢俱屋,居家生活
2202,輔大猴商城,居家生活
2203,旭浩精品生活館,居家生活
2204,ANYBUY滿意購,居家生活
2205,購瘋趣SHOP4FUN,居家生活
2206,日皇生活小館,居家生活
2207,AnD House品牌旗艦店-居家臥室寢具專門,居家生活
2208,包旺網路旗鑑店,居家生活
2209,SALTLIFE鹽夢工場｜玫瑰鹽燈,居家生活
2210,【IDEA】視覺概念,居家生活
2211,就是五金,居家生活
2212,京讚購物,居家生活
2213,Great Living格蕾寢飾,居家生活
